{"version": "1", "message": "ERROR: Hidden Testcases server unreachable.", "problem_id": "cspp1_m10_a1_1", "user_id": "Sweety310897", "score": {"sample": {"0": {"execution_time": 0.16266155242919922, "passed": true}, "1": {"execution_time": 0.08477210998535156, "passed": false}, "2": {"execution_time": 0.08079361915588379, "passed": false}, "3": {"execution_time": 0.08776473999023438, "passed": false}, "4": {"execution_time": 0.07081246376037598, "passed": false}, "5": {"execution_time": 0.08078193664550781, "passed": false}, "6": {"execution_time": 0.08976078033447266, "passed": false}, "7": {"execution_time": 0.1017298698425293, "passed": false}, "8": {"execution_time": 0.061837196350097656, "passed": false}, "9": {"execution_time": 0.07280516624450684, "passed": false}, "10": {"execution_time": 0.06981372833251953, "passed": false}, "11": {"execution_time": 0.07280445098876953, "passed": false}, "12": {"execution_time": 0.06980204582214355, "passed": false}, "13": {"execution_time": 0.09075641632080078, "passed": false}, "14": {"execution_time": 0.0777897834777832, "passed": false}, "15": {"execution_time": 0.08178210258483887, "passed": false}, "16": {"execution_time": 0.08078336715698242, "passed": true}, "17": {"execution_time": 0.0827782154083252, "passed": true}, "18": {"execution_time": 0.07379817962646484, "passed": true}, "19": {"execution_time": 0.07579660415649414, "passed": false}, "20": {"execution_time": 0.07080984115600586, "passed": true}, "21": {"execution_time": 0.07280945777893066, "passed": false}, "22": {"execution_time": 0.060837507247924805, "passed": false}, "23": {"execution_time": 0.07878541946411133, "passed": false}, "24": {"execution_time": 0.06981968879699707, "passed": false}}}, "pylint_score": "-5/10"}