{"version": "1", "message": "ERROR: Hidden Testcases server unreachable.", "problem_id": "cspp1_m10_a1_1", "user_id": "Sweety310897", "score": {"sample": {"0": {"execution_time": 0.07378458976745605, "passed": true}, "1": {"execution_time": 0.04157114028930664, "passed": false}, "2": {"execution_time": 0.04686331748962402, "passed": false}, "3": {"execution_time": 0.04686450958251953, "passed": false}, "4": {"execution_time": 0.031241893768310547, "passed": false}, "5": {"execution_time": 0.0624852180480957, "passed": false}, "6": {"execution_time": 0.04150891304016113, "passed": false}, "7": {"execution_time": 0.03124403953552246, "passed": false}, "8": {"execution_time": 0.04686713218688965, "passed": false}, "9": {"execution_time": 0.06248283386230469, "passed": false}, "10": {"execution_time": 0.03124523162841797, "passed": false}, "11": {"execution_time": 0.04686164855957031, "passed": false}, "12": {"execution_time": 0.031241416931152344, "passed": false}, "13": {"execution_time": 0.031280517578125, "passed": false}, "14": {"execution_time": 0.04682517051696777, "passed": false}, "15": {"execution_time": 0.031280517578125, "passed": false}, "16": {"execution_time": 0.04682564735412598, "passed": false}, "17": {"execution_time": 0.04722404479980469, "passed": true}, "18": {"execution_time": 0.042851924896240234, "passed": false}, "19": {"execution_time": 0.04588937759399414, "passed": false}, "20": {"execution_time": 0.032636404037475586, "passed": true}, "21": {"execution_time": 0.046897172927856445, "passed": false}, "22": {"execution_time": 0.05397200584411621, "passed": false}, "23": {"execution_time": 0.0312802791595459, "passed": false}, "24": {"execution_time": 0.0468599796295166, "passed": false}}}, "pylint_score": "-6/10"}