{"version": "1", "message": "ERROR: Hidden Testcases server unreachable.", "problem_id": "cspp1_m10_a1_1", "user_id": "Sweety310897", "score": {"sample": {"0": {"execution_time": 0.06243443489074707, "passed": true}, "1": {"execution_time": 0.04682517051696777, "passed": false}, "2": {"execution_time": 0.03127789497375488, "passed": false}, "3": {"execution_time": 0.04683279991149902, "passed": false}, "4": {"execution_time": 0.04686236381530762, "passed": false}, "5": {"execution_time": 0.04365396499633789, "passed": false}, "6": {"execution_time": 0.03380870819091797, "passed": false}, "7": {"execution_time": 0.04683208465576172, "passed": false}, "8": {"execution_time": 0.03127741813659668, "passed": false}, "9": {"execution_time": 0.046827077865600586, "passed": false}, "10": {"execution_time": 0.031275033950805664, "passed": false}, "11": {"execution_time": 0.046834707260131836, "passed": false}, "12": {"execution_time": 0.046860694885253906, "passed": false}, "13": {"execution_time": 0.03124237060546875, "passed": false}, "14": {"execution_time": 0.04690051078796387, "passed": false}, "15": {"execution_time": 0.03702592849731445, "passed": false}, "16": {"execution_time": 0.04686689376831055, "passed": false}, "17": {"execution_time": 0.04735231399536133, "passed": false}, "18": {"execution_time": 0.039772987365722656, "passed": false}, "19": {"execution_time": 0.06248211860656738, "passed": false}, "20": {"execution_time": 0.06248593330383301, "passed": false}, "21": {"execution_time": 0.04686331748962402, "passed": false}, "22": {"execution_time": 0.04686450958251953, "passed": false}, "23": {"execution_time": 0.04686379432678223, "passed": false}, "24": {"execution_time": 0.03124213218688965, "passed": false}}}, "pylint_score": "6/10"}