{"version": "1", "message": "ERROR: Hidden Testcases server unreachable.", "problem_id": "cspp1_m10_a1_1", "user_id": "Sweety310897", "score": {"sample": {"0": {"execution_time": 0.10456323623657227, "passed": true}, "1": {"execution_time": 0.044144392013549805, "passed": false}, "2": {"execution_time": 0.045809030532836914, "passed": false}, "3": {"execution_time": 0.04732251167297363, "passed": false}, "4": {"execution_time": 0.048401594161987305, "passed": false}, "5": {"execution_time": 0.051392555236816406, "passed": false}, "6": {"execution_time": 0.056040287017822266, "passed": false}, "7": {"execution_time": 0.04968833923339844, "passed": false}, "8": {"execution_time": 0.040907859802246094, "passed": false}, "9": {"execution_time": 0.046350717544555664, "passed": false}, "10": {"execution_time": 0.049730539321899414, "passed": false}, "11": {"execution_time": 0.05166125297546387, "passed": false}, "12": {"execution_time": 0.049594879150390625, "passed": false}, "13": {"execution_time": 0.0524754524230957, "passed": false}, "14": {"execution_time": 0.051616668701171875, "passed": false}, "15": {"execution_time": 0.04541945457458496, "passed": false}, "16": {"execution_time": 0.04859781265258789, "passed": true}, "17": {"execution_time": 0.046105384826660156, "passed": true}, "18": {"execution_time": 0.04038214683532715, "passed": true}, "19": {"execution_time": 0.05209469795227051, "passed": false}, "20": {"execution_time": 0.060457706451416016, "passed": true}, "21": {"execution_time": 0.052398681640625, "passed": false}, "22": {"execution_time": 0.0514369010925293, "passed": false}, "23": {"execution_time": 0.040578365325927734, "passed": false}, "24": {"execution_time": 0.04094290733337402, "passed": false}}}, "pylint_score": "-6/10"}