{"version": "1", "message": "ERROR: Hidden Testcases server unreachable.", "problem_id": "cspp1_m10_a1_1", "user_id": "Sweety310897", "score": {"sample": {"0": {"execution_time": 0.07979202270507812, "passed": false}, "1": {"execution_time": 0.06482625007629395, "passed": false}, "2": {"execution_time": 0.07579731941223145, "passed": false}, "3": {"execution_time": 0.05984210968017578, "passed": false}, "4": {"execution_time": 0.0698082447052002, "passed": false}, "5": {"execution_time": 0.07679367065429688, "passed": false}, "6": {"execution_time": 0.058837890625, "passed": false}, "7": {"execution_time": 0.07081055641174316, "passed": false}, "8": {"execution_time": 0.09474873542785645, "passed": false}, "9": {"execution_time": 0.07080960273742676, "passed": false}, "10": {"execution_time": 0.0773162841796875, "passed": false}, "11": {"execution_time": 0.08078384399414062, "passed": false}, "12": {"execution_time": 0.08081269264221191, "passed": false}, "13": {"execution_time": 0.08476853370666504, "passed": false}, "14": {"execution_time": 0.10372281074523926, "passed": false}, "15": {"execution_time": 0.06382870674133301, "passed": false}, "16": {"execution_time": 0.08278250694274902, "passed": false}, "17": {"execution_time": 0.0608365535736084, "passed": false}, "18": {"execution_time": 0.07679343223571777, "passed": false}, "19": {"execution_time": 0.07579898834228516, "passed": false}, "20": {"execution_time": 0.061820030212402344, "passed": false}, "21": {"execution_time": 0.06482720375061035, "passed": false}, "22": {"execution_time": 0.06383419036865234, "passed": false}, "23": {"execution_time": 0.06183218955993652, "passed": false}, "24": {"execution_time": 0.06483578681945801, "passed": false}}}, "pylint_score": "-5/10"}