{"version": "1", "message": "ERROR: Hidden Testcases server unreachable.", "problem_id": "cspp1_m10_a1_1", "user_id": "Sweety310897", "score": {"sample": {"0": {"execution_time": 0.07081031799316406, "passed": true}, "1": {"execution_time": 0.056365013122558594, "passed": false}, "2": {"execution_time": 0.08320140838623047, "passed": false}, "3": {"execution_time": 0.10272932052612305, "passed": false}, "4": {"execution_time": 0.09825778007507324, "passed": false}, "5": {"execution_time": 0.0857689380645752, "passed": false}, "6": {"execution_time": 0.0897817611694336, "passed": false}, "7": {"execution_time": 0.06373190879821777, "passed": false}, "8": {"execution_time": 0.06981348991394043, "passed": false}, "9": {"execution_time": 0.05934906005859375, "passed": false}, "10": {"execution_time": 0.07729864120483398, "passed": false}, "11": {"execution_time": 0.06834530830383301, "passed": false}, "12": {"execution_time": 0.07779288291931152, "passed": false}, "13": {"execution_time": 0.06536459922790527, "passed": false}, "14": {"execution_time": 0.07008862495422363, "passed": false}, "15": {"execution_time": 0.0568385124206543, "passed": false}, "16": {"execution_time": 0.07480001449584961, "passed": true}, "17": {"execution_time": 0.06183600425720215, "passed": true}, "18": {"execution_time": 0.08676815032958984, "passed": true}, "19": {"execution_time": 0.10227251052856445, "passed": false}, "20": {"execution_time": 0.09474730491638184, "passed": true}, "21": {"execution_time": 0.0747995376586914, "passed": false}, "22": {"execution_time": 0.0608370304107666, "passed": false}, "23": {"execution_time": 0.07978487014770508, "passed": false}, "24": {"execution_time": 0.06282997131347656, "passed": false}}}, "pylint_score": "-5/10"}