{"version": "1", "message": "ERROR: Hidden Testcases server unreachable.", "problem_id": "cspp1_m10_a1_1", "user_id": "Sweety310897", "score": {"sample": {"0": {"execution_time": 0.06231403350830078, "passed": true}, "1": {"execution_time": 0.04689526557922363, "passed": false}, "2": {"execution_time": 0.046831369400024414, "passed": false}, "3": {"execution_time": 0.0312802791595459, "passed": false}, "4": {"execution_time": 0.054352760314941406, "passed": false}, "5": {"execution_time": 0.03679966926574707, "passed": false}, "6": {"execution_time": 0.031241416931152344, "passed": false}, "7": {"execution_time": 0.046895503997802734, "passed": false}, "8": {"execution_time": 0.04683852195739746, "passed": false}, "9": {"execution_time": 0.03127431869506836, "passed": false}, "10": {"execution_time": 0.046826839447021484, "passed": false}, "11": {"execution_time": 0.03127717971801758, "passed": false}, "12": {"execution_time": 0.046833038330078125, "passed": false}, "13": {"execution_time": 0.0624849796295166, "passed": false}, "14": {"execution_time": 0.04686474800109863, "passed": false}, "15": {"execution_time": 0.04687070846557617, "passed": false}, "16": {"execution_time": 0.04816889762878418, "passed": false}, "17": {"execution_time": 0.046864986419677734, "passed": false}, "18": {"execution_time": 0.031245946884155273, "passed": false}, "19": {"execution_time": 0.04686284065246582, "passed": false}, "20": {"execution_time": 0.046869754791259766, "passed": false}, "21": {"execution_time": 0.031237125396728516, "passed": false}, "22": {"execution_time": 0.04686093330383301, "passed": false}, "23": {"execution_time": 0.03127884864807129, "passed": false}, "24": {"execution_time": 0.04683208465576172, "passed": false}}}, "pylint_score": "4/10"}