{"version": "1", "message": "ERROR: Hidden Testcases server unreachable.", "problem_id": "cspp1_m10_a1_1", "user_id": "Sweety310897", "score": {"sample": {"0": {"execution_time": 0.0515444278717041, "passed": true}, "1": {"execution_time": 0.062485456466674805, "passed": false}, "2": {"execution_time": 0.04686331748962402, "passed": false}, "3": {"execution_time": 0.04686427116394043, "passed": false}, "4": {"execution_time": 0.031242847442626953, "passed": false}, "5": {"execution_time": 0.04686260223388672, "passed": false}, "6": {"execution_time": 0.03126168251037598, "passed": false}, "7": {"execution_time": 0.04684734344482422, "passed": false}, "8": {"execution_time": 0.04686164855957031, "passed": false}, "9": {"execution_time": 0.03127479553222656, "passed": false}, "10": {"execution_time": 0.04522585868835449, "passed": false}, "11": {"execution_time": 0.046866655349731445, "passed": false}, "12": {"execution_time": 0.03125452995300293, "passed": false}, "13": {"execution_time": 0.046852827072143555, "passed": false}, "14": {"execution_time": 0.046860694885253906, "passed": false}, "15": {"execution_time": 0.0312800407409668, "passed": false}, "16": {"execution_time": 0.04682612419128418, "passed": false}, "17": {"execution_time": 0.04686427116394043, "passed": false}, "18": {"execution_time": 0.03704190254211426, "passed": false}, "19": {"execution_time": 0.04686450958251953, "passed": false}, "20": {"execution_time": 0.031246423721313477, "passed": false}, "21": {"execution_time": 0.05352497100830078, "passed": false}, "22": {"execution_time": 0.033203125, "passed": false}, "23": {"execution_time": 0.04687833786010742, "passed": false}, "24": {"execution_time": 0.04685044288635254, "passed": false}}}, "pylint_score": "7/10"}