{"version": "1", "message": "ERROR: Hidden Testcases server unreachable.", "problem_id": "cspp1_m10_a1_1", "user_id": "Sweety310897", "score": {"sample": {"0": {"execution_time": 0.07791876792907715, "passed": true}, "1": {"execution_time": 0.04686737060546875, "passed": false}, "2": {"execution_time": 0.046857595443725586, "passed": false}, "3": {"execution_time": 0.031280517578125, "passed": false}, "4": {"execution_time": 0.0468289852142334, "passed": false}, "5": {"execution_time": 0.03127694129943848, "passed": false}, "6": {"execution_time": 0.04196929931640625, "passed": false}, "7": {"execution_time": 0.0373990535736084, "passed": false}, "8": {"execution_time": 0.031239986419677734, "passed": false}, "9": {"execution_time": 0.046898603439331055, "passed": false}, "10": {"execution_time": 0.046828269958496094, "passed": false}, "11": {"execution_time": 0.04690361022949219, "passed": false}, "12": {"execution_time": 0.04682517051696777, "passed": false}, "13": {"execution_time": 0.06248593330383301, "passed": false}, "14": {"execution_time": 0.04686331748962402, "passed": false}, "15": {"execution_time": 0.046868085861206055, "passed": false}, "16": {"execution_time": 0.07195186614990234, "passed": false}, "17": {"execution_time": 0.03477311134338379, "passed": false}, "18": {"execution_time": 0.062486886978149414, "passed": false}, "19": {"execution_time": 0.062483787536621094, "passed": false}, "20": {"execution_time": 0.06248927116394043, "passed": false}, "21": {"execution_time": 0.0468595027923584, "passed": false}, "22": {"execution_time": 0.04686450958251953, "passed": false}, "23": {"execution_time": 0.04686427116394043, "passed": false}, "24": {"execution_time": 0.04686450958251953, "passed": false}}}, "pylint_score": "0/0"}