{"version": "1", "message": "ERROR: Hidden Testcases server unreachable.", "problem_id": "cspp1_m10_a1_1", "user_id": "Sweety310897", "score": {"sample": {"0": {"execution_time": 0.07080960273742676, "passed": false}, "1": {"execution_time": 0.06932735443115234, "passed": false}, "2": {"execution_time": 0.05784487724304199, "passed": false}, "3": {"execution_time": 0.07280540466308594, "passed": false}, "4": {"execution_time": 0.054854393005371094, "passed": false}, "5": {"execution_time": 0.05883646011352539, "passed": false}, "6": {"execution_time": 0.08676910400390625, "passed": false}, "7": {"execution_time": 0.09275054931640625, "passed": false}, "8": {"execution_time": 0.09029150009155273, "passed": false}, "9": {"execution_time": 0.08030366897583008, "passed": false}, "10": {"execution_time": 0.08729219436645508, "passed": false}, "11": {"execution_time": 0.07679557800292969, "passed": false}, "12": {"execution_time": 0.06981325149536133, "passed": false}, "13": {"execution_time": 0.06482672691345215, "passed": false}, "14": {"execution_time": 0.06781649589538574, "passed": false}, "15": {"execution_time": 0.0718080997467041, "passed": false}, "16": {"execution_time": 0.07380223274230957, "passed": false}, "17": {"execution_time": 0.07579684257507324, "passed": false}, "18": {"execution_time": 0.05585002899169922, "passed": false}, "19": {"execution_time": 0.07280516624450684, "passed": false}, "20": {"execution_time": 0.06781721115112305, "passed": false}, "21": {"execution_time": 0.0937492847442627, "passed": false}, "22": {"execution_time": 0.08129549026489258, "passed": false}, "23": {"execution_time": 0.07779073715209961, "passed": false}, "24": {"execution_time": 0.06633472442626953, "passed": false}}}, "pylint_score": "-5/10"}