{"version": "1", "message": "ERROR: Hidden Testcases server unreachable.", "problem_id": "cspp1_m10_a1_1", "user_id": "Sweety310897", "score": {"sample": {"0": {"execution_time": 0.06981182098388672, "passed": true}, "1": {"execution_time": 0.060836076736450195, "passed": false}, "2": {"execution_time": 0.05884218215942383, "passed": false}, "3": {"execution_time": 0.06682276725769043, "passed": false}, "4": {"execution_time": 0.05212688446044922, "passed": false}, "5": {"execution_time": 0.04686403274536133, "passed": false}, "6": {"execution_time": 0.04686474800109863, "passed": false}, "7": {"execution_time": 0.06456995010375977, "passed": false}, "8": {"execution_time": 0.0367586612701416, "passed": false}, "9": {"execution_time": 0.031243562698364258, "passed": false}, "10": {"execution_time": 0.03127574920654297, "passed": false}, "11": {"execution_time": 0.04683351516723633, "passed": false}, "12": {"execution_time": 0.04686427116394043, "passed": false}, "13": {"execution_time": 0.046861886978149414, "passed": false}, "14": {"execution_time": 0.03127574920654297, "passed": false}, "15": {"execution_time": 0.046831607818603516, "passed": false}, "16": {"execution_time": 0.04686403274536133, "passed": true}, "17": {"execution_time": 0.031244277954101562, "passed": true}, "18": {"execution_time": 0.046900033950805664, "passed": true}, "19": {"execution_time": 0.06667280197143555, "passed": false}, "20": {"execution_time": 0.04275918006896973, "passed": true}, "21": {"execution_time": 0.028670072555541992, "passed": false}, "22": {"execution_time": 0.06252241134643555, "passed": false}, "23": {"execution_time": 0.03984880447387695, "passed": false}, "24": {"execution_time": 0.046860694885253906, "passed": false}}}, "pylint_score": "-6/10"}