{"version": "1", "message": "ERROR: Hidden Testcases server unreachable.", "problem_id": "cspp1_m10_a1_1", "user_id": "Sweety310897", "score": {"sample": {"0": {"execution_time": 0.052561283111572266, "passed": true}, "1": {"execution_time": 0.06063580513000488, "passed": false}, "2": {"execution_time": 0.05578327178955078, "passed": false}, "3": {"execution_time": 0.047115325927734375, "passed": false}, "4": {"execution_time": 0.0450291633605957, "passed": false}, "5": {"execution_time": 0.04718661308288574, "passed": false}, "6": {"execution_time": 0.04462313652038574, "passed": false}, "7": {"execution_time": 0.04851698875427246, "passed": false}, "8": {"execution_time": 0.04621148109436035, "passed": false}, "9": {"execution_time": 0.046602487564086914, "passed": false}, "10": {"execution_time": 0.04895377159118652, "passed": false}, "11": {"execution_time": 0.058450937271118164, "passed": false}, "12": {"execution_time": 0.045799970626831055, "passed": false}, "13": {"execution_time": 0.05069732666015625, "passed": false}, "14": {"execution_time": 0.04555201530456543, "passed": false}, "15": {"execution_time": 0.04593539237976074, "passed": false}, "16": {"execution_time": 0.044408321380615234, "passed": true}, "17": {"execution_time": 0.04523468017578125, "passed": true}, "18": {"execution_time": 0.04388117790222168, "passed": true}, "19": {"execution_time": 0.04736518859863281, "passed": false}, "20": {"execution_time": 0.04507017135620117, "passed": true}, "21": {"execution_time": 0.045867204666137695, "passed": false}, "22": {"execution_time": 0.04634499549865723, "passed": false}, "23": {"execution_time": 0.05264616012573242, "passed": false}, "24": {"execution_time": 0.0535433292388916, "passed": false}}}, "pylint_score": "-5/10"}