{"version": "1", "message": "ERROR: Hidden Testcases server unreachable.", "problem_id": "cspp1_m10_a1_1", "user_id": "Sweety310897", "score": {"sample": {"0": {"execution_time": 0.05561995506286621, "passed": false}, "1": {"execution_time": 0.034317731857299805, "passed": false}, "2": {"execution_time": 0.06328678131103516, "passed": false}, "3": {"execution_time": 0.04329872131347656, "passed": false}, "4": {"execution_time": 0.031243324279785156, "passed": false}, "5": {"execution_time": 0.04686403274536133, "passed": false}, "6": {"execution_time": 0.04686546325683594, "passed": false}, "7": {"execution_time": 0.04686164855957031, "passed": false}, "8": {"execution_time": 0.062487125396728516, "passed": false}, "9": {"execution_time": 0.04934573173522949, "passed": false}, "10": {"execution_time": 0.06248664855957031, "passed": false}, "11": {"execution_time": 0.04686427116394043, "passed": false}, "12": {"execution_time": 0.04686474800109863, "passed": false}, "13": {"execution_time": 0.04686331748962402, "passed": false}, "14": {"execution_time": 0.031245946884155273, "passed": false}, "15": {"execution_time": 0.031244993209838867, "passed": false}, "16": {"execution_time": 0.04686474800109863, "passed": false}, "17": {"execution_time": 0.046865224838256836, "passed": false}, "18": {"execution_time": 0.031238079071044922, "passed": false}, "19": {"execution_time": 0.04689812660217285, "passed": false}, "20": {"execution_time": 0.058664798736572266, "passed": false}, "21": {"execution_time": 0.041432857513427734, "passed": false}, "22": {"execution_time": 0.038628339767456055, "passed": false}, "23": {"execution_time": 0.04686546325683594, "passed": false}, "24": {"execution_time": 0.053090572357177734, "passed": false}}}, "pylint_score": "-5/10"}