{"version": "1", "message": "ERROR: Hidden Testcases server unreachable.", "problem_id": "cspp1_m10_a1_1", "user_id": "Sweety310897", "score": {"sample": {"0": {"execution_time": 0.07081079483032227, "passed": true}, "1": {"execution_time": 0.08827900886535645, "passed": false}, "2": {"execution_time": 0.08209919929504395, "passed": false}, "3": {"execution_time": 0.06633520126342773, "passed": false}, "4": {"execution_time": 0.05485367774963379, "passed": false}, "5": {"execution_time": 0.08130526542663574, "passed": false}, "6": {"execution_time": 0.06482458114624023, "passed": false}, "7": {"execution_time": 0.06283402442932129, "passed": false}, "8": {"execution_time": 0.08677148818969727, "passed": false}, "9": {"execution_time": 0.07978606224060059, "passed": false}, "10": {"execution_time": 0.06582307815551758, "passed": false}, "11": {"execution_time": 0.05884265899658203, "passed": false}, "12": {"execution_time": 0.06482601165771484, "passed": false}, "13": {"execution_time": 0.06682109832763672, "passed": false}, "14": {"execution_time": 0.05884099006652832, "passed": false}, "15": {"execution_time": 0.06382918357849121, "passed": false}, "16": {"execution_time": 0.0767972469329834, "passed": true}, "17": {"execution_time": 0.10571694374084473, "passed": true}, "18": {"execution_time": 0.08975911140441895, "passed": true}, "19": {"execution_time": 0.08827567100524902, "passed": false}, "20": {"execution_time": 0.06482863426208496, "passed": true}, "21": {"execution_time": 0.06330060958862305, "passed": false}, "22": {"execution_time": 0.08132648468017578, "passed": false}, "23": {"execution_time": 0.05983757972717285, "passed": false}, "24": {"execution_time": 0.06482744216918945, "passed": false}}}, "pylint_score": "-5/10"}