{"version": "1", "message": "ERROR: Hidden Testcases server unreachable.", "problem_id": "cspp1_m10_a1_1", "user_id": "Sweety310897", "score": {"sample": {"0": {"execution_time": 0.05884122848510742, "passed": true}, "1": {"execution_time": 0.07380318641662598, "passed": false}, "2": {"execution_time": 0.07480096817016602, "passed": false}, "3": {"execution_time": 0.057843923568725586, "passed": false}, "4": {"execution_time": 0.07080650329589844, "passed": false}, "5": {"execution_time": 0.06283140182495117, "passed": false}, "6": {"execution_time": 0.06582140922546387, "passed": false}, "7": {"execution_time": 0.0638284683227539, "passed": false}, "8": {"execution_time": 0.0778052806854248, "passed": false}, "9": {"execution_time": 0.06781911849975586, "passed": false}, "10": {"execution_time": 0.06034564971923828, "passed": false}, "11": {"execution_time": 0.05784440040588379, "passed": false}, "12": {"execution_time": 0.07033729553222656, "passed": false}, "13": {"execution_time": 0.06289839744567871, "passed": false}, "14": {"execution_time": 0.06582283973693848, "passed": false}, "15": {"execution_time": 0.10173439979553223, "passed": false}, "16": {"execution_time": 0.06981253623962402, "passed": true}, "17": {"execution_time": 0.08477020263671875, "passed": true}, "18": {"execution_time": 0.06981897354125977, "passed": true}, "19": {"execution_time": 0.06380724906921387, "passed": false}, "20": {"execution_time": 0.05948662757873535, "passed": true}, "21": {"execution_time": 0.06483745574951172, "passed": false}, "22": {"execution_time": 0.059853553771972656, "passed": false}, "23": {"execution_time": 0.07930946350097656, "passed": false}, "24": {"execution_time": 0.05983996391296387, "passed": false}}}, "pylint_score": "-5/10"}