{"version": "1", "message": "ERROR: Hidden Testcases server unreachable.", "problem_id": "cspp1_m10_a1_1", "user_id": "Sweety310897", "score": {"sample": {"0": {"execution_time": 0.07530879974365234, "passed": true}, "1": {"execution_time": 0.08684515953063965, "passed": false}, "2": {"execution_time": 0.09991073608398438, "passed": false}, "3": {"execution_time": 0.07692146301269531, "passed": false}, "4": {"execution_time": 0.07603740692138672, "passed": false}, "5": {"execution_time": 0.07779073715209961, "passed": false}, "6": {"execution_time": 0.08477282524108887, "passed": false}, "7": {"execution_time": 0.07081007957458496, "passed": false}, "8": {"execution_time": 0.07579827308654785, "passed": false}, "9": {"execution_time": 0.09078049659729004, "passed": false}, "10": {"execution_time": 0.06482744216918945, "passed": false}, "11": {"execution_time": 0.0718085765838623, "passed": false}, "12": {"execution_time": 0.06282925605773926, "passed": false}, "13": {"execution_time": 0.0653383731842041, "passed": false}, "14": {"execution_time": 0.0638267993927002, "passed": false}, "15": {"execution_time": 0.08677005767822266, "passed": false}, "16": {"execution_time": 0.10723209381103516, "passed": true}, "17": {"execution_time": 0.07031941413879395, "passed": true}, "18": {"execution_time": 0.057845354080200195, "passed": true}, "19": {"execution_time": 0.08030271530151367, "passed": false}, "20": {"execution_time": 0.05883646011352539, "passed": true}, "21": {"execution_time": 0.07431173324584961, "passed": false}, "22": {"execution_time": 0.08477115631103516, "passed": false}, "23": {"execution_time": 0.07380104064941406, "passed": false}, "24": {"execution_time": 0.07480049133300781, "passed": false}}}, "pylint_score": "-5/10"}