{"version": "1", "message": "ERROR: Hidden Testcases server unreachable.", "problem_id": "cspp1_m10_a1_1", "user_id": "Sweety310897", "score": {"sample": {"0": {"execution_time": 0.03645944595336914, "passed": true}, "1": {"execution_time": 0.04686403274536133, "passed": false}, "2": {"execution_time": 0.046895503997802734, "passed": false}, "3": {"execution_time": 0.04684567451477051, "passed": false}, "4": {"execution_time": 0.04688119888305664, "passed": false}, "5": {"execution_time": 0.046871185302734375, "passed": false}, "6": {"execution_time": 0.07806873321533203, "passed": false}, "7": {"execution_time": 0.06248641014099121, "passed": false}, "8": {"execution_time": 0.07614374160766602, "passed": false}, "9": {"execution_time": 0.06328463554382324, "passed": false}, "10": {"execution_time": 0.031245708465576172, "passed": false}, "11": {"execution_time": 0.046862125396728516, "passed": false}, "12": {"execution_time": 0.04686307907104492, "passed": false}, "13": {"execution_time": 0.04686379432678223, "passed": false}, "14": {"execution_time": 0.031247377395629883, "passed": false}, "15": {"execution_time": 0.031230688095092773, "passed": false}, "16": {"execution_time": 0.031239986419677734, "passed": false}, "17": {"execution_time": 0.04686474800109863, "passed": false}, "18": {"execution_time": 0.04682803153991699, "passed": false}, "19": {"execution_time": 0.047345876693725586, "passed": false}, "20": {"execution_time": 0.03691983222961426, "passed": false}, "21": {"execution_time": 0.046866655349731445, "passed": false}, "22": {"execution_time": 0.06248211860656738, "passed": false}, "23": {"execution_time": 0.031245708465576172, "passed": false}, "24": {"execution_time": 0.04686760902404785, "passed": false}}}, "pylint_score": "6/10"}