{"version": "1", "message": "ERROR: Hidden Testcases server unreachable.", "problem_id": "cspp1_m10_a1_1", "user_id": "Sweety310897", "score": {"sample": {"0": {"execution_time": 0.04994034767150879, "passed": true}, "1": {"execution_time": 0.03999638557434082, "passed": false}, "2": {"execution_time": 0.04999828338623047, "passed": false}, "3": {"execution_time": 0.050006866455078125, "passed": false}, "4": {"execution_time": 0.05002784729003906, "passed": false}, "5": {"execution_time": 0.04996538162231445, "passed": false}, "6": {"execution_time": 0.06276249885559082, "passed": false}, "7": {"execution_time": 0.04999899864196777, "passed": false}, "8": {"execution_time": 0.05000185966491699, "passed": false}, "9": {"execution_time": 0.049997568130493164, "passed": false}, "10": {"execution_time": 0.05999946594238281, "passed": false}, "11": {"execution_time": 0.059999942779541016, "passed": false}, "12": {"execution_time": 0.04999995231628418, "passed": false}, "13": {"execution_time": 0.04998898506164551, "passed": false}, "14": {"execution_time": 0.04999828338623047, "passed": false}, "15": {"execution_time": 0.0585787296295166, "passed": false}, "16": {"execution_time": 0.05000162124633789, "passed": false}, "17": {"execution_time": 0.05999946594238281, "passed": false}, "18": {"execution_time": 0.04999876022338867, "passed": false}, "19": {"execution_time": 0.050000905990600586, "passed": false}, "20": {"execution_time": 0.05999946594238281, "passed": false}, "21": {"execution_time": 0.06000018119812012, "passed": false}, "22": {"execution_time": 0.06000113487243652, "passed": false}, "23": {"execution_time": 0.04999828338623047, "passed": false}, "24": {"execution_time": 0.059539794921875, "passed": false}}}, "pylint_score": "6/10"}