{"version": "1", "message": "ERROR: Hidden Testcases server unreachable.", "problem_id": "cspp1_m10_a1_1", "user_id": "Sweety310897", "score": {"sample": {"0": {"execution_time": 0.06982302665710449, "passed": true}, "1": {"execution_time": 0.039995670318603516, "passed": false}, "2": {"execution_time": 0.040001630783081055, "passed": false}, "3": {"execution_time": 0.04003334045410156, "passed": false}, "4": {"execution_time": 0.041396141052246094, "passed": false}, "5": {"execution_time": 0.05564999580383301, "passed": false}, "6": {"execution_time": 0.04048442840576172, "passed": false}, "7": {"execution_time": 0.031244277954101562, "passed": false}, "8": {"execution_time": 0.04686284065246582, "passed": false}, "9": {"execution_time": 0.0624849796295166, "passed": false}, "10": {"execution_time": 0.04686450958251953, "passed": false}, "11": {"execution_time": 0.04686379432678223, "passed": false}, "12": {"execution_time": 0.04686331748962402, "passed": false}, "13": {"execution_time": 0.03128170967102051, "passed": false}, "14": {"execution_time": 0.04685807228088379, "passed": false}, "15": {"execution_time": 0.03128194808959961, "passed": false}, "16": {"execution_time": 0.050574541091918945, "passed": false}, "17": {"execution_time": 0.042530059814453125, "passed": false}, "18": {"execution_time": 0.03124547004699707, "passed": false}, "19": {"execution_time": 0.04689598083496094, "passed": false}, "20": {"execution_time": 0.046828269958496094, "passed": false}, "21": {"execution_time": 0.03338623046875, "passed": false}, "22": {"execution_time": 0.04682564735412598, "passed": false}, "23": {"execution_time": 0.0312800407409668, "passed": false}, "24": {"execution_time": 0.04683041572570801, "passed": false}}}, "pylint_score": "9/10"}