{"version": "1", "message": "ERROR: Hidden Testcases server unreachable.", "problem_id": "cspp1_m10_a1_1", "user_id": "Sweety310897", "score": {"sample": {"0": {"execution_time": 0.22685503959655762, "passed": false}, "1": {"execution_time": 0.06638193130493164, "passed": false}, "2": {"execution_time": 0.05784416198730469, "passed": false}, "3": {"execution_time": 0.05036187171936035, "passed": false}, "4": {"execution_time": 0.04686260223388672, "passed": false}, "5": {"execution_time": 0.040392160415649414, "passed": false}, "6": {"execution_time": 0.0536196231842041, "passed": false}, "7": {"execution_time": 0.040387630462646484, "passed": false}, "8": {"execution_time": 0.031240463256835938, "passed": false}, "9": {"execution_time": 0.04216766357421875, "passed": false}, "10": {"execution_time": 0.036150455474853516, "passed": false}, "11": {"execution_time": 0.031275033950805664, "passed": false}, "12": {"execution_time": 0.052500009536743164, "passed": false}, "13": {"execution_time": 0.04687166213989258, "passed": false}, "14": {"execution_time": 0.046857357025146484, "passed": false}, "15": {"execution_time": 0.04686331748962402, "passed": false}, "16": {"execution_time": 0.04686450958251953, "passed": false}, "17": {"execution_time": 0.0402369499206543, "passed": false}, "18": {"execution_time": 0.04686450958251953, "passed": false}, "19": {"execution_time": 0.046865224838256836, "passed": false}, "20": {"execution_time": 0.031244277954101562, "passed": false}, "21": {"execution_time": 0.04686284065246582, "passed": false}, "22": {"execution_time": 0.0525970458984375, "passed": false}, "23": {"execution_time": 0.07082438468933105, "passed": false}, "24": {"execution_time": 0.04269862174987793, "passed": false}}}, "pylint_score": "0/0"}