{"version": "1", "message": "ERROR: Hidden Testcases server unreachable.", "problem_id": "cspp1_m10_a1_1", "user_id": "Sweety310897", "score": {"sample": {"0": {"execution_time": 0.05284595489501953, "passed": true}, "1": {"execution_time": 0.04690432548522949, "passed": false}, "2": {"execution_time": 0.04682564735412598, "passed": false}, "3": {"execution_time": 0.031278133392333984, "passed": false}, "4": {"execution_time": 0.046827077865600586, "passed": false}, "5": {"execution_time": 0.04690432548522949, "passed": false}, "6": {"execution_time": 0.03120589256286621, "passed": false}, "7": {"execution_time": 0.046898841857910156, "passed": false}, "8": {"execution_time": 0.04682564735412598, "passed": false}, "9": {"execution_time": 0.04686331748962402, "passed": false}, "10": {"execution_time": 0.04686427116394043, "passed": false}, "11": {"execution_time": 0.07847261428833008, "passed": false}, "12": {"execution_time": 0.05000138282775879, "passed": false}, "13": {"execution_time": 0.03999924659729004, "passed": false}, "14": {"execution_time": 0.04000449180603027, "passed": false}, "15": {"execution_time": 0.04999542236328125, "passed": false}, "16": {"execution_time": 0.0500028133392334, "passed": false}, "17": {"execution_time": 0.04000067710876465, "passed": false}, "18": {"execution_time": 0.03999924659729004, "passed": false}, "19": {"execution_time": 0.0400390625, "passed": false}, "20": {"execution_time": 0.049961090087890625, "passed": false}, "21": {"execution_time": 0.050000667572021484, "passed": false}, "22": {"execution_time": 0.04067707061767578, "passed": false}, "23": {"execution_time": 0.04001641273498535, "passed": false}, "24": {"execution_time": 0.03598284721374512, "passed": false}}}, "pylint_score": "10/10"}