{"version": "1", "message": "ERROR: Hidden Testcases server unreachable.", "problem_id": "cspp1_m10_a1_1", "user_id": "Sweety310897", "score": {"sample": {"0": {"execution_time": 0.05884146690368652, "passed": true}, "1": {"execution_time": 0.07679343223571777, "passed": true}, "2": {"execution_time": 0.09175562858581543, "passed": false}, "3": {"execution_time": 0.11968612670898438, "passed": true}, "4": {"execution_time": 0.0967705249786377, "passed": false}, "5": {"execution_time": 0.0917823314666748, "passed": false}, "6": {"execution_time": 0.06824660301208496, "passed": false}, "7": {"execution_time": 0.07339358329772949, "passed": false}, "8": {"execution_time": 0.06383490562438965, "passed": false}, "9": {"execution_time": 0.07878899574279785, "passed": false}, "10": {"execution_time": 0.07483315467834473, "passed": false}, "11": {"execution_time": 0.08293366432189941, "passed": false}, "12": {"execution_time": 0.06896686553955078, "passed": false}, "13": {"execution_time": 0.07531094551086426, "passed": false}, "14": {"execution_time": 0.08986210823059082, "passed": false}, "15": {"execution_time": 0.08281993865966797, "passed": false}, "16": {"execution_time": 0.11934256553649902, "passed": true}, "17": {"execution_time": 0.07679367065429688, "passed": true}, "18": {"execution_time": 0.07181191444396973, "passed": true}, "19": {"execution_time": 0.07978296279907227, "passed": false}, "20": {"execution_time": 0.06582498550415039, "passed": true}, "21": {"execution_time": 0.07180976867675781, "passed": false}, "22": {"execution_time": 0.0683283805847168, "passed": false}, "23": {"execution_time": 0.07329988479614258, "passed": false}, "24": {"execution_time": 0.06582450866699219, "passed": false}}}, "pylint_score": "-5/10"}