{"version": "1", "message": "ERROR: Hidden Testcases server unreachable.", "problem_id": "cspp1_m10_a1_1", "user_id": "Sweety310897", "score": {"sample": {"0": {"execution_time": 0.04686331748962402, "passed": true}, "1": {"execution_time": 0.04686379432678223, "passed": false}, "2": {"execution_time": 0.04686713218688965, "passed": false}, "3": {"execution_time": 0.048160552978515625, "passed": false}, "4": {"execution_time": 0.062488555908203125, "passed": false}, "5": {"execution_time": 0.04689288139343262, "passed": false}, "6": {"execution_time": 0.046833038330078125, "passed": false}, "7": {"execution_time": 0.04686689376831055, "passed": false}, "8": {"execution_time": 0.04686260223388672, "passed": false}, "9": {"execution_time": 0.04686450958251953, "passed": false}, "10": {"execution_time": 0.04686260223388672, "passed": false}, "11": {"execution_time": 0.046862125396728516, "passed": false}, "12": {"execution_time": 0.07779860496520996, "passed": false}, "13": {"execution_time": 0.04571413993835449, "passed": false}, "14": {"execution_time": 0.046866655349731445, "passed": false}, "15": {"execution_time": 0.046862125396728516, "passed": false}, "16": {"execution_time": 0.04686260223388672, "passed": false}, "17": {"execution_time": 0.06248736381530762, "passed": true}, "18": {"execution_time": 0.046863555908203125, "passed": false}, "19": {"execution_time": 0.03127598762512207, "passed": false}, "20": {"execution_time": 0.031245946884155273, "passed": true}, "21": {"execution_time": 0.046892642974853516, "passed": false}, "22": {"execution_time": 0.031217336654663086, "passed": false}, "23": {"execution_time": 0.060312747955322266, "passed": false}, "24": {"execution_time": 0.03382587432861328, "passed": false}}}, "pylint_score": "7/10"}