{"version": "1", "message": "ERROR: Hidden Testcases server unreachable.", "problem_id": "cspp1_m10_a1_1", "user_id": "Sweety310897", "score": {"sample": {"0": {"execution_time": 0.046845436096191406, "passed": true}, "1": {"execution_time": 0.04686331748962402, "passed": false}, "2": {"execution_time": 0.0624852180480957, "passed": false}, "3": {"execution_time": 0.04686403274536133, "passed": false}, "4": {"execution_time": 0.0624845027923584, "passed": false}, "5": {"execution_time": 0.03856825828552246, "passed": false}, "6": {"execution_time": 0.04687929153442383, "passed": false}, "7": {"execution_time": 0.031228303909301758, "passed": false}, "8": {"execution_time": 0.046863555908203125, "passed": false}, "9": {"execution_time": 0.04686880111694336, "passed": false}, "10": {"execution_time": 0.03127765655517578, "passed": false}, "11": {"execution_time": 0.04682517051696777, "passed": false}, "12": {"execution_time": 0.03127574920654297, "passed": false}, "13": {"execution_time": 0.0468440055847168, "passed": false}, "14": {"execution_time": 0.04688882827758789, "passed": false}, "15": {"execution_time": 0.031247377395629883, "passed": false}, "16": {"execution_time": 0.05345416069030762, "passed": false}, "17": {"execution_time": 0.04174613952636719, "passed": true}, "18": {"execution_time": 0.04089212417602539, "passed": false}, "19": {"execution_time": 0.031243562698364258, "passed": false}, "20": {"execution_time": 0.06537103652954102, "passed": true}, "21": {"execution_time": 0.03533577919006348, "passed": false}, "22": {"execution_time": 0.046863555908203125, "passed": false}, "23": {"execution_time": 0.04686379432678223, "passed": false}, "24": {"execution_time": 0.03127479553222656, "passed": false}}}, "pylint_score": "-5/10"}