{"version": "1", "message": "ERROR: Hidden Testcases server unreachable.", "problem_id": "cspp1_m10_a1_1", "user_id": "Sweety310897", "score": {"sample": {"0": {"execution_time": 0.04686236381530762, "passed": true}, "1": {"execution_time": 0.031243562698364258, "passed": false}, "2": {"execution_time": 0.04689526557922363, "passed": false}, "3": {"execution_time": 0.03121495246887207, "passed": false}, "4": {"execution_time": 0.05622982978820801, "passed": false}, "5": {"execution_time": 0.03777670860290527, "passed": false}, "6": {"execution_time": 0.03127884864807129, "passed": false}, "7": {"execution_time": 0.046828269958496094, "passed": false}, "8": {"execution_time": 0.04686760902404785, "passed": false}, "9": {"execution_time": 0.06248021125793457, "passed": false}, "10": {"execution_time": 0.04686427116394043, "passed": false}, "11": {"execution_time": 0.06248664855957031, "passed": false}, "12": {"execution_time": 0.04687166213989258, "passed": false}, "13": {"execution_time": 0.04685640335083008, "passed": false}, "14": {"execution_time": 0.03124213218688965, "passed": false}, "15": {"execution_time": 0.060915470123291016, "passed": false}, "16": {"execution_time": 0.04686594009399414, "passed": false}, "17": {"execution_time": 0.031241178512573242, "passed": false}, "18": {"execution_time": 0.04689598083496094, "passed": false}, "19": {"execution_time": 0.04683279991149902, "passed": false}, "20": {"execution_time": 0.046897172927856445, "passed": false}, "21": {"execution_time": 0.0468294620513916, "passed": false}, "22": {"execution_time": 0.03128194808959961, "passed": false}, "23": {"execution_time": 0.046825408935546875, "passed": false}, "24": {"execution_time": 0.03124213218688965, "passed": false}}}, "pylint_score": "2/10"}