{"version": "1", "message": "ERROR: Hidden Testcases server unreachable.", "problem_id": "cspp1_m10_a1_1", "user_id": "Sweety310897", "score": {"sample": {"0": {"execution_time": 0.0506899356842041, "passed": true}, "1": {"execution_time": 0.04621243476867676, "passed": false}, "2": {"execution_time": 0.047278642654418945, "passed": false}, "3": {"execution_time": 0.047827720642089844, "passed": false}, "4": {"execution_time": 0.04854011535644531, "passed": false}, "5": {"execution_time": 0.049190521240234375, "passed": false}, "6": {"execution_time": 0.04501700401306152, "passed": false}, "7": {"execution_time": 0.045719146728515625, "passed": false}, "8": {"execution_time": 0.0533900260925293, "passed": false}, "9": {"execution_time": 0.04562497138977051, "passed": false}, "10": {"execution_time": 0.04944634437561035, "passed": false}, "11": {"execution_time": 0.0525362491607666, "passed": false}, "12": {"execution_time": 0.06889581680297852, "passed": false}, "13": {"execution_time": 0.0495305061340332, "passed": false}, "14": {"execution_time": 0.048723459243774414, "passed": false}, "15": {"execution_time": 0.04826664924621582, "passed": false}, "16": {"execution_time": 0.04346346855163574, "passed": true}, "17": {"execution_time": 0.04435086250305176, "passed": true}, "18": {"execution_time": 0.04585838317871094, "passed": true}, "19": {"execution_time": 0.04361748695373535, "passed": false}, "20": {"execution_time": 0.04524087905883789, "passed": true}, "21": {"execution_time": 0.04865217208862305, "passed": false}, "22": {"execution_time": 0.045911550521850586, "passed": false}, "23": {"execution_time": 0.044559478759765625, "passed": false}, "24": {"execution_time": 0.04501986503601074, "passed": false}}}, "pylint_score": "-5/10"}