{"version": "1", "message": "ERROR: Hidden Testcases server unreachable.", "problem_id": "cspp1_m10_a1_1", "user_id": "Sweety310897", "score": {"sample": {"0": {"execution_time": 0.07804989814758301, "passed": false}, "1": {"execution_time": 0.04686331748962402, "passed": false}, "2": {"execution_time": 0.046247005462646484, "passed": false}, "3": {"execution_time": 0.031243085861206055, "passed": false}, "4": {"execution_time": 0.046895742416381836, "passed": false}, "5": {"execution_time": 0.04683256149291992, "passed": false}, "6": {"execution_time": 0.03127455711364746, "passed": false}, "7": {"execution_time": 0.04683685302734375, "passed": false}, "8": {"execution_time": 0.03124094009399414, "passed": false}, "9": {"execution_time": 0.0468597412109375, "passed": false}, "10": {"execution_time": 0.046863555908203125, "passed": false}, "11": {"execution_time": 0.031245946884155273, "passed": false}, "12": {"execution_time": 0.04689288139343262, "passed": false}, "13": {"execution_time": 0.04683279991149902, "passed": false}, "14": {"execution_time": 0.0496068000793457, "passed": false}, "15": {"execution_time": 0.028823137283325195, "passed": false}, "16": {"execution_time": 0.046895742416381836, "passed": false}, "17": {"execution_time": 0.046831607818603516, "passed": false}, "18": {"execution_time": 0.03127646446228027, "passed": false}, "19": {"execution_time": 0.04683184623718262, "passed": false}, "20": {"execution_time": 0.04691958427429199, "passed": false}, "21": {"execution_time": 0.07723212242126465, "passed": false}, "22": {"execution_time": 0.04199957847595215, "passed": false}, "23": {"execution_time": 0.04202008247375488, "passed": false}, "24": {"execution_time": 0.04201912879943848, "passed": false}}}, "pylint_score": "10/10"}