{"version": "1", "message": "ERROR: Hidden Testcases server unreachable.", "problem_id": "cspp1_m10_a1_1", "user_id": "Sweety310897", "score": {"sample": {"0": {"execution_time": 0.046895503997802734, "passed": false}, "1": {"execution_time": 0.04683399200439453, "passed": false}, "2": {"execution_time": 0.04689526557922363, "passed": false}, "3": {"execution_time": 0.04683685302734375, "passed": false}, "4": {"execution_time": 0.05356884002685547, "passed": false}, "5": {"execution_time": 0.04059958457946777, "passed": false}, "6": {"execution_time": 0.04683637619018555, "passed": false}, "7": {"execution_time": 0.07810211181640625, "passed": false}, "8": {"execution_time": 0.062485694885253906, "passed": false}, "9": {"execution_time": 0.046863555908203125, "passed": false}, "10": {"execution_time": 0.06248641014099121, "passed": false}, "11": {"execution_time": 0.046863555908203125, "passed": false}, "12": {"execution_time": 0.04686450958251953, "passed": false}, "13": {"execution_time": 0.061708688735961914, "passed": false}, "14": {"execution_time": 0.04686594009399414, "passed": false}, "15": {"execution_time": 0.06248331069946289, "passed": false}, "16": {"execution_time": 0.04686450958251953, "passed": false}, "17": {"execution_time": 0.06248593330383301, "passed": false}, "18": {"execution_time": 0.0624847412109375, "passed": false}, "19": {"execution_time": 0.04686450958251953, "passed": false}, "20": {"execution_time": 0.062485456466674805, "passed": false}, "21": {"execution_time": 0.04686284065246582, "passed": false}, "22": {"execution_time": 0.06371021270751953, "passed": false}, "23": {"execution_time": 0.05275392532348633, "passed": false}, "24": {"execution_time": 0.062485694885253906, "passed": false}}}, "pylint_score": "7/10"}