{"version": "1", "message": "ERROR: Hidden Testcases server unreachable.", "problem_id": "cspp1_m10_a1_1", "user_id": "Sweety310897", "score": {"sample": {"0": {"execution_time": 0.05391740798950195, "passed": true}, "1": {"execution_time": 0.05715441703796387, "passed": false}, "2": {"execution_time": 0.051660776138305664, "passed": false}, "3": {"execution_time": 0.0535736083984375, "passed": false}, "4": {"execution_time": 0.04896903038024902, "passed": false}, "5": {"execution_time": 0.050859928131103516, "passed": false}, "6": {"execution_time": 0.052553415298461914, "passed": false}, "7": {"execution_time": 0.046205997467041016, "passed": false}, "8": {"execution_time": 0.05114293098449707, "passed": false}, "9": {"execution_time": 0.05616450309753418, "passed": false}, "10": {"execution_time": 0.0468904972076416, "passed": false}, "11": {"execution_time": 0.044768571853637695, "passed": false}, "12": {"execution_time": 0.04446077346801758, "passed": false}, "13": {"execution_time": 0.05463409423828125, "passed": false}, "14": {"execution_time": 0.04893922805786133, "passed": false}, "15": {"execution_time": 0.056188106536865234, "passed": false}, "16": {"execution_time": 0.052449703216552734, "passed": true}, "17": {"execution_time": 0.045546770095825195, "passed": true}, "18": {"execution_time": 0.04392719268798828, "passed": true}, "19": {"execution_time": 0.04797863960266113, "passed": false}, "20": {"execution_time": 0.04666924476623535, "passed": true}, "21": {"execution_time": 0.046898603439331055, "passed": false}, "22": {"execution_time": 0.04246115684509277, "passed": false}, "23": {"execution_time": 0.046579599380493164, "passed": false}, "24": {"execution_time": 0.04706525802612305, "passed": false}}}, "pylint_score": "-5/10"}