{"version": "1", "message": "ERROR: Hidden Testcases server unreachable.", "problem_id": "cspp1_m10_a1_1", "user_id": "Sweety310897", "score": {"sample": {"0": {"execution_time": 0.05860590934753418, "passed": true}, "1": {"execution_time": 0.04246044158935547, "passed": false}, "2": {"execution_time": 0.04125237464904785, "passed": false}, "3": {"execution_time": 0.0448765754699707, "passed": false}, "4": {"execution_time": 0.05435061454772949, "passed": false}, "5": {"execution_time": 0.05790281295776367, "passed": false}, "6": {"execution_time": 0.04213285446166992, "passed": false}, "7": {"execution_time": 0.03956484794616699, "passed": false}, "8": {"execution_time": 0.04379701614379883, "passed": false}, "9": {"execution_time": 0.05451321601867676, "passed": false}, "10": {"execution_time": 0.047109127044677734, "passed": false}, "11": {"execution_time": 0.0467839241027832, "passed": false}, "12": {"execution_time": 0.04427194595336914, "passed": false}, "13": {"execution_time": 0.04784727096557617, "passed": false}, "14": {"execution_time": 0.052642822265625, "passed": false}, "15": {"execution_time": 0.05305600166320801, "passed": false}, "16": {"execution_time": 0.04878735542297363, "passed": false}, "17": {"execution_time": 0.03892397880554199, "passed": true}, "18": {"execution_time": 0.041887760162353516, "passed": false}, "19": {"execution_time": 0.0405125617980957, "passed": false}, "20": {"execution_time": 0.04263949394226074, "passed": true}, "21": {"execution_time": 0.04726147651672363, "passed": false}, "22": {"execution_time": 0.05380845069885254, "passed": false}, "23": {"execution_time": 0.04910469055175781, "passed": false}, "24": {"execution_time": 0.04639291763305664, "passed": false}}}, "pylint_score": "-7/10"}