{"version": "1", "message": "ERROR: Hidden Testcases server unreachable.", "problem_id": "cspp1_m10_a1_1", "user_id": "Sweety310897", "score": {"sample": {"0": {"execution_time": 0.06482553482055664, "passed": true}, "1": {"execution_time": 0.07480072975158691, "passed": false}, "2": {"execution_time": 0.05983901023864746, "passed": false}, "3": {"execution_time": 0.06734371185302734, "passed": false}, "4": {"execution_time": 0.05784344673156738, "passed": false}, "5": {"execution_time": 0.06733250617980957, "passed": false}, "6": {"execution_time": 0.09226560592651367, "passed": false}, "7": {"execution_time": 0.10571980476379395, "passed": false}, "8": {"execution_time": 0.06882381439208984, "passed": false}, "9": {"execution_time": 0.057843685150146484, "passed": false}, "10": {"execution_time": 0.06782650947570801, "passed": false}, "11": {"execution_time": 0.06382870674133301, "passed": false}, "12": {"execution_time": 0.06781601905822754, "passed": false}, "13": {"execution_time": 0.05684709548950195, "passed": false}, "14": {"execution_time": 0.06781744956970215, "passed": false}, "15": {"execution_time": 0.06183433532714844, "passed": false}, "16": {"execution_time": 0.06083822250366211, "passed": true}, "17": {"execution_time": 0.061835289001464844, "passed": true}, "18": {"execution_time": 0.05884289741516113, "passed": true}, "19": {"execution_time": 0.06881546974182129, "passed": false}, "20": {"execution_time": 0.05684161186218262, "passed": true}, "21": {"execution_time": 0.07579636573791504, "passed": false}, "22": {"execution_time": 0.10471987724304199, "passed": false}, "23": {"execution_time": 0.10970616340637207, "passed": false}, "24": {"execution_time": 0.074798583984375, "passed": false}}}, "pylint_score": "-5/10"}