{"version": "1", "message": "ERROR: Hidden Testcases server unreachable.", "problem_id": "cspp1_m10_a1_1", "user_id": "Sweety310897", "score": {"sample": {"0": {"execution_time": 0.04683184623718262, "passed": true}, "1": {"execution_time": 0.0624845027923584, "passed": false}, "2": {"execution_time": 0.04686760902404785, "passed": false}, "3": {"execution_time": 0.062484025955200195, "passed": false}, "4": {"execution_time": 0.061124563217163086, "passed": false}, "5": {"execution_time": 0.034131765365600586, "passed": false}, "6": {"execution_time": 0.04686331748962402, "passed": false}, "7": {"execution_time": 0.031244516372680664, "passed": false}, "8": {"execution_time": 0.03124403953552246, "passed": false}, "9": {"execution_time": 0.04686570167541504, "passed": false}, "10": {"execution_time": 0.04686117172241211, "passed": false}, "11": {"execution_time": 0.031245946884155273, "passed": false}, "12": {"execution_time": 0.04686141014099121, "passed": false}, "13": {"execution_time": 0.0624849796295166, "passed": false}, "14": {"execution_time": 0.0377504825592041, "passed": false}, "15": {"execution_time": 0.04686546325683594, "passed": false}, "16": {"execution_time": 0.046863555908203125, "passed": true}, "17": {"execution_time": 0.031244754791259766, "passed": true}, "18": {"execution_time": 0.046894073486328125, "passed": true}, "19": {"execution_time": 0.04683232307434082, "passed": false}, "20": {"execution_time": 0.031280517578125, "passed": true}, "21": {"execution_time": 0.046825408935546875, "passed": false}, "22": {"execution_time": 0.04686474800109863, "passed": false}, "23": {"execution_time": 0.04686331748962402, "passed": false}, "24": {"execution_time": 0.03128170967102051, "passed": false}}}, "pylint_score": "-6/10"}