{"version": "1", "message": "ERROR: Hidden Testcases server unreachable.", "problem_id": "cspp1_m10_a1_1", "user_id": "Sweety310897", "score": {"sample": {"0": {"execution_time": 0.07000160217285156, "passed": true}, "1": {"execution_time": 0.059993743896484375, "passed": false}, "2": {"execution_time": 0.049999237060546875, "passed": false}, "3": {"execution_time": 0.04000282287597656, "passed": false}, "4": {"execution_time": 0.03999805450439453, "passed": false}, "5": {"execution_time": 0.040001869201660156, "passed": false}, "6": {"execution_time": 0.04221844673156738, "passed": false}, "7": {"execution_time": 0.03999900817871094, "passed": false}, "8": {"execution_time": 0.04999971389770508, "passed": false}, "9": {"execution_time": 0.040000200271606445, "passed": false}, "10": {"execution_time": 0.03999757766723633, "passed": false}, "11": {"execution_time": 0.03586602210998535, "passed": false}, "12": {"execution_time": 0.03123784065246582, "passed": false}, "13": {"execution_time": 0.04686331748962402, "passed": false}, "14": {"execution_time": 0.031244754791259766, "passed": false}, "15": {"execution_time": 0.031247615814208984, "passed": false}, "16": {"execution_time": 0.0468602180480957, "passed": false}, "17": {"execution_time": 0.045580387115478516, "passed": false}, "18": {"execution_time": 0.03343820571899414, "passed": false}, "19": {"execution_time": 0.04686307907104492, "passed": false}, "20": {"execution_time": 0.037101030349731445, "passed": false}, "21": {"execution_time": 0.046866416931152344, "passed": false}, "22": {"execution_time": 0.03128170967102051, "passed": false}, "23": {"execution_time": 0.04682302474975586, "passed": false}, "24": {"execution_time": 0.031279563903808594, "passed": false}}}, "pylint_score": "7/10"}