{"version": "1", "message": "ERROR: Hidden Testcases server unreachable.", "problem_id": "cspp1_m10_a1_1", "user_id": "Sweety310897", "score": {"sample": {"0": {"execution_time": 0.08178567886352539, "passed": true}, "1": {"execution_time": 0.07181143760681152, "passed": false}, "2": {"execution_time": 0.08277511596679688, "passed": false}, "3": {"execution_time": 0.05984187126159668, "passed": false}, "4": {"execution_time": 0.06582331657409668, "passed": false}, "5": {"execution_time": 0.0688166618347168, "passed": false}, "6": {"execution_time": 0.0718073844909668, "passed": false}, "7": {"execution_time": 0.08776450157165527, "passed": false}, "8": {"execution_time": 0.07281088829040527, "passed": false}, "9": {"execution_time": 0.05784463882446289, "passed": false}, "10": {"execution_time": 0.06881594657897949, "passed": false}, "11": {"execution_time": 0.06583046913146973, "passed": false}, "12": {"execution_time": 0.07978606224060059, "passed": false}, "13": {"execution_time": 0.07586669921875, "passed": false}, "14": {"execution_time": 0.09075689315795898, "passed": false}, "15": {"execution_time": 0.07878947257995605, "passed": false}, "16": {"execution_time": 0.05984306335449219, "passed": true}, "17": {"execution_time": 0.06582498550415039, "passed": true}, "18": {"execution_time": 0.05784964561462402, "passed": true}, "19": {"execution_time": 0.06283044815063477, "passed": false}, "20": {"execution_time": 0.07479596138000488, "passed": true}, "21": {"execution_time": 0.05884099006652832, "passed": false}, "22": {"execution_time": 0.08078265190124512, "passed": false}, "23": {"execution_time": 0.0718073844909668, "passed": false}, "24": {"execution_time": 0.057846784591674805, "passed": false}}}, "pylint_score": "-5/10"}