{"version": "1", "message": "ERROR: Hidden Testcases server unreachable.", "problem_id": "cspp1_m10_a1_1", "user_id": "Sweety310897", "score": {"sample": {"0": {"execution_time": 0.06482744216918945, "passed": true}, "1": {"execution_time": 0.06235527992248535, "passed": false}, "2": {"execution_time": 0.0633401870727539, "passed": false}, "3": {"execution_time": 0.08477377891540527, "passed": false}, "4": {"execution_time": 0.07065343856811523, "passed": false}, "5": {"execution_time": 0.0747981071472168, "passed": false}, "6": {"execution_time": 0.06582498550415039, "passed": false}, "7": {"execution_time": 0.07380175590515137, "passed": false}, "8": {"execution_time": 0.058841705322265625, "passed": false}, "9": {"execution_time": 0.08078289031982422, "passed": false}, "10": {"execution_time": 0.08975791931152344, "passed": false}, "11": {"execution_time": 0.09625482559204102, "passed": false}, "12": {"execution_time": 0.07188773155212402, "passed": false}, "13": {"execution_time": 0.06832671165466309, "passed": false}, "14": {"execution_time": 0.0738074779510498, "passed": false}, "15": {"execution_time": 0.09575271606445312, "passed": false}, "16": {"execution_time": 0.07380533218383789, "passed": true}, "17": {"execution_time": 0.0729362964630127, "passed": true}, "18": {"execution_time": 0.07631969451904297, "passed": true}, "19": {"execution_time": 0.07235383987426758, "passed": false}, "20": {"execution_time": 0.07888174057006836, "passed": true}, "21": {"execution_time": 0.07981753349304199, "passed": false}, "22": {"execution_time": 0.06781411170959473, "passed": false}, "23": {"execution_time": 0.07331323623657227, "passed": false}, "24": {"execution_time": 0.11335539817810059, "passed": false}}}, "pylint_score": "-5/10"}