{"version": "1", "message": "ERROR: Hidden Testcases server unreachable.", "problem_id": "cspp1_m10_a1_1", "user_id": "Sweety310897", "score": {"sample": {"0": {"execution_time": 0.0624849796295166, "passed": true}, "1": {"execution_time": 0.06248641014099121, "passed": false}, "2": {"execution_time": 0.0624847412109375, "passed": false}, "3": {"execution_time": 0.0624852180480957, "passed": false}, "4": {"execution_time": 0.062485456466674805, "passed": false}, "5": {"execution_time": 0.0628044605255127, "passed": false}, "6": {"execution_time": 0.0624847412109375, "passed": false}, "7": {"execution_time": 0.06248617172241211, "passed": false}, "8": {"execution_time": 0.06248593330383301, "passed": false}, "9": {"execution_time": 0.0624845027923584, "passed": false}, "10": {"execution_time": 0.0624847412109375, "passed": false}, "11": {"execution_time": 0.06248664855957031, "passed": false}, "12": {"execution_time": 0.06900668144226074, "passed": false}, "13": {"execution_time": 0.05609750747680664, "passed": false}, "14": {"execution_time": 0.0624845027923584, "passed": false}, "15": {"execution_time": 0.062485456466674805, "passed": false}, "16": {"execution_time": 0.07810759544372559, "passed": false}, "17": {"execution_time": 0.06248307228088379, "passed": false}, "18": {"execution_time": 0.07810711860656738, "passed": false}, "19": {"execution_time": 0.0670158863067627, "passed": false}, "20": {"execution_time": 0.06938314437866211, "passed": false}, "21": {"execution_time": 0.06412172317504883, "passed": false}, "22": {"execution_time": 0.06999921798706055, "passed": false}, "23": {"execution_time": 0.06000208854675293, "passed": false}, "24": {"execution_time": 0.06999778747558594, "passed": false}}}, "pylint_score": "8/10"}