{"version": "1", "message": "ERROR: Hidden Testcases server unreachable.", "problem_id": "cspp1_m10_a1_1", "user_id": "Sweety310897", "score": {"sample": {"0": {"execution_time": 0.04107952117919922, "passed": true}, "1": {"execution_time": 0.0404055118560791, "passed": false}, "2": {"execution_time": 0.04045724868774414, "passed": false}, "3": {"execution_time": 0.04638314247131348, "passed": false}, "4": {"execution_time": 0.04074811935424805, "passed": false}, "5": {"execution_time": 0.04299116134643555, "passed": false}, "6": {"execution_time": 0.04215502738952637, "passed": false}, "7": {"execution_time": 0.0396425724029541, "passed": false}, "8": {"execution_time": 0.04143500328063965, "passed": false}, "9": {"execution_time": 0.04627799987792969, "passed": false}, "10": {"execution_time": 0.04957747459411621, "passed": false}, "11": {"execution_time": 0.04227328300476074, "passed": false}, "12": {"execution_time": 0.04307889938354492, "passed": false}, "13": {"execution_time": 0.045964717864990234, "passed": false}, "14": {"execution_time": 0.053217411041259766, "passed": false}, "15": {"execution_time": 0.04696321487426758, "passed": false}, "16": {"execution_time": 0.04395318031311035, "passed": true}, "17": {"execution_time": 0.042986154556274414, "passed": true}, "18": {"execution_time": 0.04178166389465332, "passed": true}, "19": {"execution_time": 0.04427289962768555, "passed": false}, "20": {"execution_time": 0.04120039939880371, "passed": true}, "21": {"execution_time": 0.04161524772644043, "passed": false}, "22": {"execution_time": 0.04089975357055664, "passed": false}, "23": {"execution_time": 0.04360532760620117, "passed": false}, "24": {"execution_time": 0.06686878204345703, "passed": false}}}, "pylint_score": "-6/10"}