{"version": "1", "message": "ERROR: Hidden Testcases server unreachable.", "problem_id": "cspp1_m10_a1_1", "user_id": "Sweety310897", "score": {"sample": {"0": {"execution_time": 0.06288599967956543, "passed": true}, "1": {"execution_time": 0.046865224838256836, "passed": false}, "2": {"execution_time": 0.031278371810913086, "passed": false}, "3": {"execution_time": 0.046865224838256836, "passed": false}, "4": {"execution_time": 0.04682755470275879, "passed": false}, "5": {"execution_time": 0.04690098762512207, "passed": false}, "6": {"execution_time": 0.04686260223388672, "passed": false}, "7": {"execution_time": 0.03120899200439453, "passed": false}, "8": {"execution_time": 0.04689931869506836, "passed": false}, "9": {"execution_time": 0.046878814697265625, "passed": false}, "10": {"execution_time": 0.06243467330932617, "passed": false}, "11": {"execution_time": 0.046803951263427734, "passed": false}, "12": {"execution_time": 0.06248760223388672, "passed": false}, "13": {"execution_time": 0.031244277954101562, "passed": false}, "14": {"execution_time": 0.0468602180480957, "passed": false}, "15": {"execution_time": 0.04686403274536133, "passed": false}, "16": {"execution_time": 0.04686617851257324, "passed": false}, "17": {"execution_time": 0.046864986419677734, "passed": false}, "18": {"execution_time": 0.04686236381530762, "passed": false}, "19": {"execution_time": 0.03124094009399414, "passed": false}, "20": {"execution_time": 0.04686617851257324, "passed": false}, "21": {"execution_time": 0.04686141014099121, "passed": false}, "22": {"execution_time": 0.04367947578430176, "passed": false}, "23": {"execution_time": 0.03587150573730469, "passed": false}, "24": {"execution_time": 0.031279563903808594, "passed": false}}}, "pylint_score": "5/10"}