{"version": "1", "message": "ERROR: Hidden Testcases server unreachable.", "problem_id": "cspp1_m10_a1_1", "user_id": "Sweety310897", "score": {"sample": {"0": {"execution_time": 0.06682562828063965, "passed": false}, "1": {"execution_time": 0.06084156036376953, "passed": false}, "2": {"execution_time": 0.07579636573791504, "passed": false}, "3": {"execution_time": 0.05984067916870117, "passed": false}, "4": {"execution_time": 0.06981396675109863, "passed": false}, "5": {"execution_time": 0.07579660415649414, "passed": false}, "6": {"execution_time": 0.05884361267089844, "passed": false}, "7": {"execution_time": 0.074798583984375, "passed": false}, "8": {"execution_time": 0.09973311424255371, "passed": false}, "9": {"execution_time": 0.10073113441467285, "passed": false}, "10": {"execution_time": 0.06283354759216309, "passed": false}, "11": {"execution_time": 0.0608367919921875, "passed": false}, "12": {"execution_time": 0.0713198184967041, "passed": false}, "13": {"execution_time": 0.05186867713928223, "passed": false}, "14": {"execution_time": 0.07280683517456055, "passed": false}, "15": {"execution_time": 0.0608370304107666, "passed": false}, "16": {"execution_time": 0.06781744956970215, "passed": false}, "17": {"execution_time": 0.06382918357849121, "passed": false}, "18": {"execution_time": 0.06303191184997559, "passed": false}, "19": {"execution_time": 0.07289266586303711, "passed": false}, "20": {"execution_time": 0.05984044075012207, "passed": false}, "21": {"execution_time": 0.06681966781616211, "passed": false}, "22": {"execution_time": 0.06183362007141113, "passed": false}, "23": {"execution_time": 0.07730865478515625, "passed": false}, "24": {"execution_time": 0.0767824649810791, "passed": false}}}, "pylint_score": "0/0"}