{"version": "1", "message": "ERROR: Hidden Testcases server unreachable.", "problem_id": "cspp1_m10_a1_1", "user_id": "Sweety310897", "score": {"sample": {"0": {"execution_time": 0.05000019073486328, "passed": true}, "1": {"execution_time": 0.05000042915344238, "passed": false}, "2": {"execution_time": 0.04000353813171387, "passed": false}, "3": {"execution_time": 0.04999947547912598, "passed": false}, "4": {"execution_time": 0.04999589920043945, "passed": false}, "5": {"execution_time": 0.040003299713134766, "passed": false}, "6": {"execution_time": 0.05002880096435547, "passed": false}, "7": {"execution_time": 0.040006160736083984, "passed": false}, "8": {"execution_time": 0.04996228218078613, "passed": false}, "9": {"execution_time": 0.05999946594238281, "passed": false}, "10": {"execution_time": 0.07000064849853516, "passed": false}, "11": {"execution_time": 0.06000018119812012, "passed": false}, "12": {"execution_time": 0.050002098083496094, "passed": false}, "13": {"execution_time": 0.04999804496765137, "passed": false}, "14": {"execution_time": 0.05000185966491699, "passed": false}, "15": {"execution_time": 0.03999781608581543, "passed": false}, "16": {"execution_time": 0.05000424385070801, "passed": false}, "17": {"execution_time": 0.04999494552612305, "passed": true}, "18": {"execution_time": 0.05000042915344238, "passed": false}, "19": {"execution_time": 0.05000448226928711, "passed": false}, "20": {"execution_time": 0.03999948501586914, "passed": true}, "21": {"execution_time": 0.05002927780151367, "passed": false}, "22": {"execution_time": 0.04996752738952637, "passed": false}, "23": {"execution_time": 0.0400385856628418, "passed": false}, "24": {"execution_time": 0.04996037483215332, "passed": false}}}, "pylint_score": "7/10"}