{"version": "1", "message": "ERROR: Hidden Testcases server unreachable.", "problem_id": "cspp1_m10_a1_1", "user_id": "Sweety310897", "score": {"sample": {"0": {"execution_time": 0.09374642372131348, "passed": true}, "1": {"execution_time": 0.07079339027404785, "passed": false}, "2": {"execution_time": 0.07081007957458496, "passed": false}, "3": {"execution_time": 0.07830023765563965, "passed": false}, "4": {"execution_time": 0.06932306289672852, "passed": false}, "5": {"execution_time": 0.0872800350189209, "passed": false}, "6": {"execution_time": 0.08382630348205566, "passed": false}, "7": {"execution_time": 0.09871912002563477, "passed": false}, "8": {"execution_time": 0.10131072998046875, "passed": false}, "9": {"execution_time": 0.06582975387573242, "passed": false}, "10": {"execution_time": 0.06183028221130371, "passed": false}, "11": {"execution_time": 0.06883072853088379, "passed": false}, "12": {"execution_time": 0.0674598217010498, "passed": false}, "13": {"execution_time": 0.0748286247253418, "passed": false}, "14": {"execution_time": 0.07531213760375977, "passed": false}, "15": {"execution_time": 0.07299447059631348, "passed": false}, "16": {"execution_time": 0.07431173324584961, "passed": true}, "17": {"execution_time": 0.06582307815551758, "passed": true}, "18": {"execution_time": 0.07731866836547852, "passed": true}, "19": {"execution_time": 0.05936765670776367, "passed": false}, "20": {"execution_time": 0.07529711723327637, "passed": true}, "21": {"execution_time": 0.07332348823547363, "passed": false}, "22": {"execution_time": 0.13024568557739258, "passed": false}, "23": {"execution_time": 0.061838388442993164, "passed": false}, "24": {"execution_time": 0.06682229042053223, "passed": false}}}, "pylint_score": "-5/10"}