{"version": "1", "message": "ERROR: Hidden Testcases server unreachable.", "problem_id": "cspp1_m10_a1_1", "user_id": "Sweety310897", "score": {"sample": {"0": {"execution_time": 0.04686474800109863, "passed": false}, "1": {"execution_time": 0.04686689376831055, "passed": false}, "2": {"execution_time": 0.031244277954101562, "passed": false}, "3": {"execution_time": 0.046862125396728516, "passed": false}, "4": {"execution_time": 0.046863555908203125, "passed": false}, "5": {"execution_time": 0.0701436996459961, "passed": false}, "6": {"execution_time": 0.045716285705566406, "passed": false}, "7": {"execution_time": 0.039635658264160156, "passed": false}, "8": {"execution_time": 0.05095171928405762, "passed": false}, "9": {"execution_time": 0.035941123962402344, "passed": false}, "10": {"execution_time": 0.046895742416381836, "passed": false}, "11": {"execution_time": 0.031214475631713867, "passed": false}, "12": {"execution_time": 0.04686117172241211, "passed": false}, "13": {"execution_time": 0.046863555908203125, "passed": false}, "14": {"execution_time": 0.04686689376831055, "passed": false}, "15": {"execution_time": 0.03807353973388672, "passed": false}, "16": {"execution_time": 0.047960758209228516, "passed": false}, "17": {"execution_time": 0.027660608291625977, "passed": false}, "18": {"execution_time": 0.06245684623718262, "passed": false}, "19": {"execution_time": 0.062482357025146484, "passed": false}, "20": {"execution_time": 0.04686379432678223, "passed": false}, "21": {"execution_time": 0.03124260902404785, "passed": false}, "22": {"execution_time": 0.04686474800109863, "passed": false}, "23": {"execution_time": 0.04686284065246582, "passed": false}, "24": {"execution_time": 0.0312802791595459, "passed": false}}}, "pylint_score": "-6/10"}