{"version": "1", "message": "ERROR: Hidden Testcases server unreachable.", "problem_id": "m19_a1", "user_id": "Sweety310897", "score": {"sample": {"0": {"execution_time": 0.07194375991821289, "passed": true}, "1": {"execution_time": 0.10756921768188477, "passed": true}, "2": {"execution_time": 0.16776275634765625, "passed": true}, "3": {"execution_time": 0.08943438529968262, "passed": false}, "4": {"execution_time": 0.10014796257019043, "passed": true}, "5": {"execution_time": 0.07215738296508789, "passed": false}, "6": {"execution_time": 0.08045458793640137, "passed": false}, "7": {"execution_time": 0.07328152656555176, "passed": false}, "8": {"execution_time": 0.08706235885620117, "passed": false}, "9": {"execution_time": 0.06535935401916504, "passed": false}, "10": {"execution_time": 0.07747983932495117, "passed": false}, "11": {"execution_time": 0.08211660385131836, "passed": false}, "12": {"execution_time": 0.06535029411315918, "passed": false}}}, "pylint_score": "-1/10"}