{"version": "1", "message": "ERROR: Hidden Testcases server unreachable.", "problem_id": "m19_a1", "user_id": "Sweety310897", "score": {"sample": {"0": {"execution_time": 0.1271984577178955, "passed": false}, "1": {"execution_time": 0.08988618850708008, "passed": false}, "2": {"execution_time": 0.07287120819091797, "passed": false}, "3": {"execution_time": 0.11525654792785645, "passed": false}, "4": {"execution_time": 0.08882260322570801, "passed": false}, "5": {"execution_time": 0.08789181709289551, "passed": false}, "6": {"execution_time": 0.0887606143951416, "passed": false}, "7": {"execution_time": 0.09525799751281738, "passed": false}, "8": {"execution_time": 0.17959284782409668, "passed": false}, "9": {"execution_time": 0.07781410217285156, "passed": false}, "10": {"execution_time": 0.08338475227355957, "passed": false}, "11": {"execution_time": 0.08785057067871094, "passed": false}, "12": {"execution_time": 0.06876492500305176, "passed": false}}}, "pylint_score": "6/10"}