{"version": "1", "message": "ERROR: Hidden Testcases server unreachable.", "problem_id": "m19_a1", "user_id": "Sweety310897", "score": {"sample": {"0": {"execution_time": 0.04680752754211426, "passed": false}, "1": {"execution_time": 0.04686307907104492, "passed": false}, "2": {"execution_time": 0.031275033950805664, "passed": false}, "3": {"execution_time": 0.04687023162841797, "passed": false}, "4": {"execution_time": 0.03127408027648926, "passed": false}, "5": {"execution_time": 0.04683256149291992, "passed": false}, "6": {"execution_time": 0.04686379432678223, "passed": false}, "7": {"execution_time": 0.031239986419677734, "passed": false}, "8": {"execution_time": 0.04686331748962402, "passed": false}, "9": {"execution_time": 0.04686594009399414, "passed": false}, "10": {"execution_time": 0.046861886978149414, "passed": false}, "11": {"execution_time": 0.06248760223388672, "passed": false}, "12": {"execution_time": 0.031241655349731445, "passed": false}}}, "pylint_score": "-4/10"}