{"version": "1", "message": "ERROR: Hidden Testcases server unreachable.", "problem_id": "m19_a1", "user_id": "Sweety310897", "score": {"sample": {"0": {"execution_time": 0.04686164855957031, "passed": false}, "1": {"execution_time": 0.04686427116394043, "passed": false}, "2": {"execution_time": 0.03124547004699707, "passed": false}, "3": {"execution_time": 0.04686760902404785, "passed": false}, "4": {"execution_time": 0.046860456466674805, "passed": false}, "5": {"execution_time": 0.046862125396728516, "passed": false}, "6": {"execution_time": 0.04686260223388672, "passed": false}, "7": {"execution_time": 0.04686760902404785, "passed": false}, "8": {"execution_time": 0.04689359664916992, "passed": false}, "9": {"execution_time": 0.0468297004699707, "passed": false}, "10": {"execution_time": 0.04686474800109863, "passed": false}, "11": {"execution_time": 0.046863555908203125, "passed": false}, "12": {"execution_time": 0.062485694885253906, "passed": false}}}, "pylint_score": "-3/10"}