{"version": "1", "message": "ERROR: Hidden Testcases server unreachable.", "problem_id": "m19_a1", "user_id": "Sweety310897", "score": {"sample": {"0": {"execution_time": 0.08964252471923828, "passed": true}, "1": {"execution_time": 0.10701465606689453, "passed": false}, "2": {"execution_time": 0.1215965747833252, "passed": false}, "3": {"execution_time": 0.09593582153320312, "passed": false}, "4": {"execution_time": 0.09160804748535156, "passed": false}, "5": {"execution_time": 0.10001611709594727, "passed": false}, "6": {"execution_time": 0.09406495094299316, "passed": false}, "7": {"execution_time": 0.22764801979064941, "passed": false}, "8": {"execution_time": 0.13731718063354492, "passed": false}, "9": {"execution_time": 0.08241486549377441, "passed": false}, "10": {"execution_time": 0.10568451881408691, "passed": false}, "11": {"execution_time": 0.07375955581665039, "passed": false}, "12": {"execution_time": 0.08523440361022949, "passed": false}}}, "pylint_score": "-1/10"}