{"version": "1", "message": "ERROR: Hidden Testcases server unreachable.", "problem_id": "m19_a1", "user_id": "Sweety310897", "score": {"sample": {"0": {"execution_time": 0.09581518173217773, "passed": true}, "1": {"execution_time": 0.08512234687805176, "passed": true}, "2": {"execution_time": 0.06992125511169434, "passed": true}, "3": {"execution_time": 0.09831666946411133, "passed": false}, "4": {"execution_time": 0.08578944206237793, "passed": true}, "5": {"execution_time": 0.09676051139831543, "passed": true}, "6": {"execution_time": 0.07536149024963379, "passed": false}, "7": {"execution_time": 0.07033300399780273, "passed": false}, "8": {"execution_time": 0.21603965759277344, "passed": false}, "9": {"execution_time": 0.14069247245788574, "passed": false}, "10": {"execution_time": 0.07681989669799805, "passed": false}, "11": {"execution_time": 0.08984160423278809, "passed": false}, "12": {"execution_time": 0.07584571838378906, "passed": false}}}, "pylint_score": "-2/10"}