{"version": "1", "message": "ERROR: Hidden Testcases server unreachable.", "problem_id": "m19_a1", "user_id": "Sweety310897", "score": {"sample": {"0": {"execution_time": 0.07895851135253906, "passed": true}, "1": {"execution_time": 0.11063003540039062, "passed": false}, "2": {"execution_time": 0.12212109565734863, "passed": false}, "3": {"execution_time": 0.1364445686340332, "passed": false}, "4": {"execution_time": 0.08172011375427246, "passed": false}, "5": {"execution_time": 0.08582282066345215, "passed": false}, "6": {"execution_time": 0.08002042770385742, "passed": false}, "7": {"execution_time": 0.08650422096252441, "passed": false}, "8": {"execution_time": 0.07782793045043945, "passed": false}, "9": {"execution_time": 0.1642284393310547, "passed": false}, "10": {"execution_time": 0.10801959037780762, "passed": false}, "11": {"execution_time": 0.09767699241638184, "passed": false}, "12": {"execution_time": 0.07793712615966797, "passed": false}}}, "pylint_score": "-1/10"}