{"version": "1", "message": "ERROR: Hidden Testcases server unreachable.", "problem_id": "m19_a1", "user_id": "Sweety310897", "score": {"sample": {"0": {"execution_time": 0.09077668190002441, "passed": false}, "1": {"execution_time": 0.09194469451904297, "passed": false}, "2": {"execution_time": 0.0972900390625, "passed": false}, "3": {"execution_time": 0.07132077217102051, "passed": false}, "4": {"execution_time": 0.17058467864990234, "passed": false}, "5": {"execution_time": 0.1526627540588379, "passed": false}, "6": {"execution_time": 0.10722136497497559, "passed": false}, "7": {"execution_time": 0.12425923347473145, "passed": false}, "8": {"execution_time": 0.10978150367736816, "passed": false}, "9": {"execution_time": 0.10223841667175293, "passed": false}, "10": {"execution_time": 0.07047557830810547, "passed": false}, "11": {"execution_time": 0.09793877601623535, "passed": false}, "12": {"execution_time": 0.08208942413330078, "passed": false}}}, "pylint_score": "-3/10"}