{"version": "1", "message": "ERROR: Hidden Testcases server unreachable.", "problem_id": "m19_a1", "user_id": "Sweety310897", "score": {"sample": {"0": {"execution_time": 0.09275150299072266, "passed": false}, "1": {"execution_time": 0.07232475280761719, "passed": false}, "2": {"execution_time": 0.07232189178466797, "passed": false}, "3": {"execution_time": 0.06482672691345215, "passed": false}, "4": {"execution_time": 0.06582236289978027, "passed": false}, "5": {"execution_time": 0.06982588768005371, "passed": false}, "6": {"execution_time": 0.08078718185424805, "passed": false}, "7": {"execution_time": 0.06781744956970215, "passed": false}, "8": {"execution_time": 0.06781959533691406, "passed": false}, "9": {"execution_time": 0.21149992942810059, "passed": false}, "10": {"execution_time": 0.1077113151550293, "passed": false}, "11": {"execution_time": 0.07685685157775879, "passed": false}, "12": {"execution_time": 0.07279658317565918, "passed": false}}}, "pylint_score": "-3/10"}