{"version": "1", "message": "ERROR: Hidden Testcases server unreachable.", "problem_id": "m19_a1", "user_id": "Sweety310897", "score": {"sample": {"0": {"execution_time": 0.10571670532226562, "passed": false}, "1": {"execution_time": 0.1107637882232666, "passed": false}, "2": {"execution_time": 0.13714241981506348, "passed": false}, "3": {"execution_time": 0.09574341773986816, "passed": false}, "4": {"execution_time": 0.09924459457397461, "passed": false}, "5": {"execution_time": 0.08936595916748047, "passed": false}, "6": {"execution_time": 0.07631993293762207, "passed": false}, "7": {"execution_time": 0.08776473999023438, "passed": false}, "8": {"execution_time": 0.11424803733825684, "passed": false}, "9": {"execution_time": 0.13770079612731934, "passed": false}, "10": {"execution_time": 0.09079742431640625, "passed": false}, "11": {"execution_time": 0.08084392547607422, "passed": false}, "12": {"execution_time": 0.08484244346618652, "passed": false}}}, "pylint_score": "-3/10"}