{"version": "1", "message": "ERROR: Hidden Testcases server unreachable.", "problem_id": "m19_a1", "user_id": "Sweety310897", "score": {"sample": {"0": {"execution_time": 0.12407374382019043, "passed": false}, "1": {"execution_time": 0.08930253982543945, "passed": false}, "2": {"execution_time": 0.07676053047180176, "passed": false}, "3": {"execution_time": 0.07554435729980469, "passed": false}, "4": {"execution_time": 0.0935976505279541, "passed": false}, "5": {"execution_time": 0.11811113357543945, "passed": false}, "6": {"execution_time": 0.08795022964477539, "passed": false}, "7": {"execution_time": 0.11233687400817871, "passed": false}, "8": {"execution_time": 0.0975944995880127, "passed": false}, "9": {"execution_time": 0.24295377731323242, "passed": false}, "10": {"execution_time": 0.2219231128692627, "passed": false}, "11": {"execution_time": 0.07850885391235352, "passed": false}, "12": {"execution_time": 0.08311104774475098, "passed": false}}}, "pylint_score": "-1/10"}