{"version": "1", "message": "ERROR: Hidden Testcases server unreachable.", "problem_id": "m19_a1", "user_id": "Sweety310897", "score": {"sample": {"0": {"execution_time": 0.11668753623962402, "passed": false}, "1": {"execution_time": 0.0827779769897461, "passed": false}, "2": {"execution_time": 0.0937502384185791, "passed": false}, "3": {"execution_time": 0.07379961013793945, "passed": false}, "4": {"execution_time": 0.07180643081665039, "passed": false}, "5": {"execution_time": 0.07521867752075195, "passed": false}, "6": {"execution_time": 0.13763213157653809, "passed": false}, "7": {"execution_time": 0.08532834053039551, "passed": false}, "8": {"execution_time": 0.06183576583862305, "passed": false}, "9": {"execution_time": 0.07829999923706055, "passed": false}, "10": {"execution_time": 0.0872800350189209, "passed": false}, "11": {"execution_time": 0.07080578804016113, "passed": false}, "12": {"execution_time": 0.0733191967010498, "passed": false}}}, "pylint_score": "-3/10"}