{"version": "1", "message": "ERROR: Hidden Testcases server unreachable.", "problem_id": "m19_a1", "user_id": "Sweety310897", "score": {"sample": {"0": {"execution_time": 0.08935832977294922, "passed": false}, "1": {"execution_time": 0.0758669376373291, "passed": false}, "2": {"execution_time": 0.10475468635559082, "passed": false}, "3": {"execution_time": 0.1287083625793457, "passed": false}, "4": {"execution_time": 0.13294506072998047, "passed": false}, "5": {"execution_time": 0.1057283878326416, "passed": false}, "6": {"execution_time": 0.16071438789367676, "passed": false}, "7": {"execution_time": 0.11482715606689453, "passed": false}, "8": {"execution_time": 0.08776593208312988, "passed": false}, "9": {"execution_time": 0.0747992992401123, "passed": false}, "10": {"execution_time": 0.12021946907043457, "passed": false}, "11": {"execution_time": 0.07678866386413574, "passed": false}, "12": {"execution_time": 0.07906675338745117, "passed": false}}}, "pylint_score": "-3/10"}