{"version": "1", "message": "ERROR: Hidden Testcases server unreachable.", "problem_id": "m19_a1", "user_id": "Sweety310897", "score": {"sample": {"0": {"execution_time": 0.09773588180541992, "passed": false}, "1": {"execution_time": 0.08875846862792969, "passed": false}, "2": {"execution_time": 0.09774041175842285, "passed": false}, "3": {"execution_time": 0.11273980140686035, "passed": false}, "4": {"execution_time": 0.08577251434326172, "passed": false}, "5": {"execution_time": 0.06582498550415039, "passed": false}, "6": {"execution_time": 0.07380557060241699, "passed": false}, "7": {"execution_time": 0.060835838317871094, "passed": false}, "8": {"execution_time": 0.0857703685760498, "passed": false}, "9": {"execution_time": 0.10922956466674805, "passed": false}, "10": {"execution_time": 0.0638284683227539, "passed": false}, "11": {"execution_time": 0.07679557800292969, "passed": false}, "12": {"execution_time": 0.06183052062988281, "passed": false}}}, "pylint_score": "-3/10"}