{"version": "1", "message": "ERROR: Hidden Testcases server unreachable.", "problem_id": "m19_a1", "user_id": "Sweety310897", "score": {"sample": {"0": {"execution_time": 0.0948946475982666, "passed": false}, "1": {"execution_time": 0.1112830638885498, "passed": false}, "2": {"execution_time": 0.09275674819946289, "passed": false}, "3": {"execution_time": 0.09484744071960449, "passed": false}, "4": {"execution_time": 0.08736705780029297, "passed": false}, "5": {"execution_time": 0.0849606990814209, "passed": false}, "6": {"execution_time": 0.07134294509887695, "passed": false}, "7": {"execution_time": 0.09525656700134277, "passed": false}, "8": {"execution_time": 0.17252874374389648, "passed": false}, "9": {"execution_time": 0.12675023078918457, "passed": false}, "10": {"execution_time": 0.10477972030639648, "passed": false}, "11": {"execution_time": 0.080810546875, "passed": false}, "12": {"execution_time": 0.06903076171875, "passed": false}}}, "pylint_score": "-3/10"}