{"version": "1", "message": "ERROR: Hidden Testcases server unreachable.", "problem_id": "m19_a1", "user_id": "Sweety310897", "score": {"sample": {"0": {"execution_time": 0.0718083381652832, "passed": false}, "1": {"execution_time": 0.07138586044311523, "passed": false}, "2": {"execution_time": 0.0822913646697998, "passed": false}, "3": {"execution_time": 0.08328866958618164, "passed": false}, "4": {"execution_time": 0.06283235549926758, "passed": false}, "5": {"execution_time": 0.07134103775024414, "passed": false}, "6": {"execution_time": 0.06682014465332031, "passed": false}, "7": {"execution_time": 0.065826416015625, "passed": false}, "8": {"execution_time": 0.05983877182006836, "passed": false}, "9": {"execution_time": 0.07380318641662598, "passed": false}, "10": {"execution_time": 0.07480144500732422, "passed": false}, "11": {"execution_time": 0.07679986953735352, "passed": false}, "12": {"execution_time": 0.06182861328125, "passed": false}}}, "pylint_score": "-3/10"}