{"version": "1", "message": "ERROR: Hidden Testcases server unreachable.", "problem_id": "m19_a1", "user_id": "Sweety310897", "score": {"sample": {"0": {"execution_time": 0.09151673316955566, "passed": false}, "1": {"execution_time": 0.10295963287353516, "passed": false}, "2": {"execution_time": 0.13140392303466797, "passed": false}, "3": {"execution_time": 0.11998963356018066, "passed": false}, "4": {"execution_time": 0.09512138366699219, "passed": false}, "5": {"execution_time": 0.0772712230682373, "passed": false}, "6": {"execution_time": 0.17049527168273926, "passed": false}, "7": {"execution_time": 0.10419416427612305, "passed": false}, "8": {"execution_time": 0.09174036979675293, "passed": false}, "9": {"execution_time": 0.08978748321533203, "passed": false}, "10": {"execution_time": 0.08240866661071777, "passed": false}, "11": {"execution_time": 0.09910321235656738, "passed": false}, "12": {"execution_time": 0.08045339584350586, "passed": false}}}, "pylint_score": "-1/10"}