{"version": "1", "message": "ERROR: Hidden Testcases server unreachable.", "problem_id": "m19_a1", "user_id": "Sweety310897", "score": {"sample": {"0": {"execution_time": 0.09554505348205566, "passed": true}, "1": {"execution_time": 0.08293914794921875, "passed": false}, "2": {"execution_time": 0.10783243179321289, "passed": false}, "3": {"execution_time": 0.08921265602111816, "passed": false}, "4": {"execution_time": 0.07565975189208984, "passed": false}, "5": {"execution_time": 0.07912898063659668, "passed": false}, "6": {"execution_time": 0.10117602348327637, "passed": false}, "7": {"execution_time": 0.13054871559143066, "passed": false}, "8": {"execution_time": 0.09310555458068848, "passed": false}, "9": {"execution_time": 0.15403509140014648, "passed": false}, "10": {"execution_time": 0.11873078346252441, "passed": false}, "11": {"execution_time": 0.06868100166320801, "passed": false}, "12": {"execution_time": 0.09464216232299805, "passed": false}}}, "pylint_score": "-1/10"}