{"version": "1", "message": "ERROR: Hidden Testcases server unreachable.", "problem_id": "m19_a1", "user_id": "Sweety310897", "score": {"sample": {"0": {"execution_time": 0.20311307907104492, "passed": false}, "1": {"execution_time": 0.04686403274536133, "passed": false}, "2": {"execution_time": 0.04686331748962402, "passed": false}, "3": {"execution_time": 0.04686331748962402, "passed": false}, "4": {"execution_time": 0.062485456466674805, "passed": false}, "5": {"execution_time": 0.04686427116394043, "passed": false}, "6": {"execution_time": 0.062485694885253906, "passed": false}, "7": {"execution_time": 0.046863555908203125, "passed": false}, "8": {"execution_time": 0.0624852180480957, "passed": false}, "9": {"execution_time": 0.04686594009399414, "passed": false}, "10": {"execution_time": 0.06248331069946289, "passed": false}, "11": {"execution_time": 0.062485456466674805, "passed": false}, "12": {"execution_time": 0.0624847412109375, "passed": false}}}, "pylint_score": "-2/10"}