{"version": "1", "message": "ERROR: Hidden Testcases server unreachable.", "problem_id": "cspp1_m10_a1_1", "user_id": "Sweety310897", "score": {"sample": {"0": {"execution_time": 0.10771059989929199, "passed": true}, "1": {"execution_time": 0.07480049133300781, "passed": true}, "2": {"execution_time": 0.08443522453308105, "passed": true}, "3": {"execution_time": 0.06981229782104492, "passed": true}, "4": {"execution_time": 0.06782007217407227, "passed": true}, "5": {"execution_time": 0.07380247116088867, "passed": true}, "6": {"execution_time": 0.08277702331542969, "passed": true}, "7": {"execution_time": 0.07081723213195801, "passed": true}, "8": {"execution_time": 0.06282544136047363, "passed": true}, "9": {"execution_time": 0.07978606224060059, "passed": true}, "10": {"execution_time": 0.06582236289978027, "passed": true}, "11": {"execution_time": 0.07579660415649414, "passed": true}, "12": {"execution_time": 0.06581807136535645, "passed": true}, "13": {"execution_time": 0.10874080657958984, "passed": true}, "14": {"execution_time": 0.08976006507873535, "passed": true}, "15": {"execution_time": 0.08828091621398926, "passed": false}, "16": {"execution_time": 0.0777900218963623, "passed": true}, "17": {"execution_time": 0.07380533218383789, "passed": true}, "18": {"execution_time": 0.07281041145324707, "passed": true}, "19": {"execution_time": 0.06981229782104492, "passed": false}, "20": {"execution_time": 0.06682085990905762, "passed": true}, "21": {"execution_time": 0.08216547966003418, "passed": false}, "22": {"execution_time": 0.06482887268066406, "passed": false}, "23": {"execution_time": 0.07380390167236328, "passed": false}, "24": {"execution_time": 0.07331967353820801, "passed": false}}}, "pylint_score": "-5/10"}