{"version": "1", "message": "ERROR: Hidden Testcases server unreachable.", "problem_id": "cspp1_m10_a1_1", "user_id": "Sweety310897", "score": {"sample": {"0": {"execution_time": 0.049866437911987305, "passed": true}, "1": {"execution_time": 0.04687166213989258, "passed": true}, "2": {"execution_time": 0.04687690734863281, "passed": true}, "3": {"execution_time": 0.04388260841369629, "passed": true}, "4": {"execution_time": 0.047393083572387695, "passed": true}, "5": {"execution_time": 0.04487872123718262, "passed": true}, "6": {"execution_time": 0.04587721824645996, "passed": true}, "7": {"execution_time": 0.05385613441467285, "passed": true}, "8": {"execution_time": 0.0475161075592041, "passed": true}, "9": {"execution_time": 0.04589128494262695, "passed": true}, "10": {"execution_time": 0.04389071464538574, "passed": true}, "11": {"execution_time": 0.04686784744262695, "passed": true}, "12": {"execution_time": 0.04787135124206543, "passed": true}, "13": {"execution_time": 0.05585074424743652, "passed": true}, "14": {"execution_time": 0.05236959457397461, "passed": true}, "15": {"execution_time": 0.0498654842376709, "passed": false}, "16": {"execution_time": 0.05236983299255371, "passed": true}, "17": {"execution_time": 0.043874502182006836, "passed": true}, "18": {"execution_time": 0.04587507247924805, "passed": true}, "19": {"execution_time": 0.04488325119018555, "passed": false}, "20": {"execution_time": 0.04986906051635742, "passed": true}, "21": {"execution_time": 0.04487752914428711, "passed": false}, "22": {"execution_time": 0.04488039016723633, "passed": false}, "23": {"execution_time": 0.046874284744262695, "passed": false}, "24": {"execution_time": 0.043882131576538086, "passed": false}}}, "pylint_score": "-5/10"}