{"version": "1", "message": "ERROR: Hidden Testcases server unreachable.", "problem_id": "cspp1_m10_a1_1", "user_id": "Sweety310897", "score": {"sample": {"0": {"execution_time": 0.05983996391296387, "passed": true}, "1": {"execution_time": 0.053854942321777344, "passed": true}, "2": {"execution_time": 0.0438838005065918, "passed": true}, "3": {"execution_time": 0.042885780334472656, "passed": true}, "4": {"execution_time": 0.04488015174865723, "passed": true}, "5": {"execution_time": 0.05236697196960449, "passed": true}, "6": {"execution_time": 0.04388427734375, "passed": true}, "7": {"execution_time": 0.04542040824890137, "passed": true}, "8": {"execution_time": 0.04462409019470215, "passed": true}, "9": {"execution_time": 0.0498659610748291, "passed": true}, "10": {"execution_time": 0.048870086669921875, "passed": true}, "11": {"execution_time": 0.0498659610748291, "passed": true}, "12": {"execution_time": 0.05285978317260742, "passed": true}, "13": {"execution_time": 0.04886817932128906, "passed": true}, "14": {"execution_time": 0.0428926944732666, "passed": true}, "15": {"execution_time": 0.044877052307128906, "passed": false}, "16": {"execution_time": 0.04502081871032715, "passed": true}, "17": {"execution_time": 0.04687666893005371, "passed": true}, "18": {"execution_time": 0.049382925033569336, "passed": true}, "19": {"execution_time": 0.04886960983276367, "passed": false}, "20": {"execution_time": 0.04425978660583496, "passed": true}, "21": {"execution_time": 0.05285906791687012, "passed": false}, "22": {"execution_time": 0.04388308525085449, "passed": false}, "23": {"execution_time": 0.044881343841552734, "passed": false}, "24": {"execution_time": 0.04340004920959473, "passed": false}}}, "pylint_score": "-5/10"}