{"version": "1", "message": "ERROR: Hidden Testcases server unreachable.", "problem_id": "cspp1_m10_a1_1", "user_id": "Sweety310897", "score": {"sample": {"0": {"execution_time": 0.09129762649536133, "passed": true}, "1": {"execution_time": 0.08390021324157715, "passed": true}, "2": {"execution_time": 0.07586884498596191, "passed": true}, "3": {"execution_time": 0.08571171760559082, "passed": true}, "4": {"execution_time": 0.08676862716674805, "passed": true}, "5": {"execution_time": 0.06981253623962402, "passed": true}, "6": {"execution_time": 0.08344268798828125, "passed": true}, "7": {"execution_time": 0.11269712448120117, "passed": true}, "8": {"execution_time": 0.09774518013000488, "passed": true}, "9": {"execution_time": 0.07689094543457031, "passed": true}, "10": {"execution_time": 0.08583688735961914, "passed": true}, "11": {"execution_time": 0.06782197952270508, "passed": true}, "12": {"execution_time": 0.0797886848449707, "passed": true}, "13": {"execution_time": 0.0747988224029541, "passed": true}, "14": {"execution_time": 0.0857694149017334, "passed": true}, "15": {"execution_time": 0.10922002792358398, "passed": false}, "16": {"execution_time": 0.11373329162597656, "passed": true}, "17": {"execution_time": 0.09275174140930176, "passed": true}, "18": {"execution_time": 0.08589529991149902, "passed": true}, "19": {"execution_time": 0.07377886772155762, "passed": false}, "20": {"execution_time": 0.08182358741760254, "passed": true}, "21": {"execution_time": 0.10873794555664062, "passed": false}, "22": {"execution_time": 0.07231259346008301, "passed": false}, "23": {"execution_time": 0.07932090759277344, "passed": false}, "24": {"execution_time": 0.08429574966430664, "passed": false}}}, "pylint_score": "-5/10"}