{"version": "1", "message": "ERROR: Hidden Testcases server unreachable.", "problem_id": "cspp1_m10_a1_1", "user_id": "Sweety310897", "score": {"sample": {"0": {"execution_time": 0.06881546974182129, "passed": true}, "1": {"execution_time": 0.06981301307678223, "passed": true}, "2": {"execution_time": 0.07680130004882812, "passed": true}, "3": {"execution_time": 0.09673404693603516, "passed": true}, "4": {"execution_time": 0.06382989883422852, "passed": true}, "5": {"execution_time": 0.0738065242767334, "passed": true}, "6": {"execution_time": 0.06482481956481934, "passed": true}, "7": {"execution_time": 0.06682109832763672, "passed": true}, "8": {"execution_time": 0.09027314186096191, "passed": true}, "9": {"execution_time": 0.06383037567138672, "passed": true}, "10": {"execution_time": 0.07829880714416504, "passed": true}, "11": {"execution_time": 0.06134676933288574, "passed": true}, "12": {"execution_time": 0.10471940040588379, "passed": true}, "13": {"execution_time": 0.07081413269042969, "passed": true}, "14": {"execution_time": 0.07331490516662598, "passed": true}, "15": {"execution_time": 0.07431650161743164, "passed": false}, "16": {"execution_time": 0.06781959533691406, "passed": true}, "17": {"execution_time": 0.11369967460632324, "passed": true}, "18": {"execution_time": 0.06881475448608398, "passed": true}, "19": {"execution_time": 0.08277702331542969, "passed": false}, "20": {"execution_time": 0.20046353340148926, "passed": true}, "21": {"execution_time": 0.0658254623413086, "passed": false}, "22": {"execution_time": 0.07393145561218262, "passed": false}, "23": {"execution_time": 0.08177947998046875, "passed": false}, "24": {"execution_time": 0.09824657440185547, "passed": false}}}, "pylint_score": "-5/10"}