{"version": "1", "message": "ERROR: Hidden Testcases server unreachable.", "problem_id": "cspp1_m10_a1_1", "user_id": "Sweety310897", "score": {"sample": {"0": {"execution_time": 0.09175610542297363, "passed": true}, "1": {"execution_time": 0.08329606056213379, "passed": true}, "2": {"execution_time": 0.08788800239562988, "passed": true}, "3": {"execution_time": 0.10876727104187012, "passed": true}, "4": {"execution_time": 0.1696009635925293, "passed": true}, "5": {"execution_time": 0.08277630805969238, "passed": true}, "6": {"execution_time": 0.07182860374450684, "passed": true}, "7": {"execution_time": 0.07813644409179688, "passed": true}, "8": {"execution_time": 0.0781869888305664, "passed": true}, "9": {"execution_time": 0.08895087242126465, "passed": true}, "10": {"execution_time": 0.06682038307189941, "passed": true}, "11": {"execution_time": 0.06781888008117676, "passed": true}, "12": {"execution_time": 0.07180905342102051, "passed": true}, "13": {"execution_time": 0.0773019790649414, "passed": true}, "14": {"execution_time": 0.0827789306640625, "passed": true}, "15": {"execution_time": 0.0718080997467041, "passed": false}, "16": {"execution_time": 0.0847775936126709, "passed": true}, "17": {"execution_time": 0.08776473999023438, "passed": true}, "18": {"execution_time": 0.08477354049682617, "passed": true}, "19": {"execution_time": 0.07380294799804688, "passed": false}, "20": {"execution_time": 0.07280468940734863, "passed": true}, "21": {"execution_time": 0.06334471702575684, "passed": false}, "22": {"execution_time": 0.08329057693481445, "passed": false}, "23": {"execution_time": 0.09327864646911621, "passed": false}, "24": {"execution_time": 0.06482696533203125, "passed": false}}}, "pylint_score": "-5/10"}