{"version": "1", "message": "ERROR: Hidden Testcases server unreachable.", "problem_id": "cspp1_m10_a1_1", "user_id": "Sweety310897", "score": {"sample": {"0": {"execution_time": 0.04687237739562988, "passed": true}, "1": {"execution_time": 0.04386639595031738, "passed": true}, "2": {"execution_time": 0.046874046325683594, "passed": true}, "3": {"execution_time": 0.046874046325683594, "passed": true}, "4": {"execution_time": 0.0547335147857666, "passed": true}, "5": {"execution_time": 0.0468754768371582, "passed": true}, "6": {"execution_time": 0.04537153244018555, "passed": true}, "7": {"execution_time": 0.04590439796447754, "passed": true}, "8": {"execution_time": 0.05411386489868164, "passed": true}, "9": {"execution_time": 0.05485177040100098, "passed": true}, "10": {"execution_time": 0.050248146057128906, "passed": true}, "11": {"execution_time": 0.04329872131347656, "passed": true}, "12": {"execution_time": 0.046401262283325195, "passed": true}, "13": {"execution_time": 0.05184793472290039, "passed": true}, "14": {"execution_time": 0.04587960243225098, "passed": true}, "15": {"execution_time": 0.044884443283081055, "passed": false}, "16": {"execution_time": 0.04388093948364258, "passed": true}, "17": {"execution_time": 0.04587721824645996, "passed": true}, "18": {"execution_time": 0.04640817642211914, "passed": true}, "19": {"execution_time": 0.05182242393493652, "passed": false}, "20": {"execution_time": 0.05046534538269043, "passed": true}, "21": {"execution_time": 0.04587817192077637, "passed": false}, "22": {"execution_time": 0.04488086700439453, "passed": false}, "23": {"execution_time": 0.04587912559509277, "passed": false}, "24": {"execution_time": 0.05385470390319824, "passed": false}}}, "pylint_score": "-5/10"}