{"version": "1", "message": "ERROR: Hidden Testcases server unreachable.", "problem_id": "cspp1_m10_a1_1", "user_id": "Sweety310897", "score": {"sample": {"0": {"execution_time": 0.0843193531036377, "passed": true}, "1": {"execution_time": 0.07380318641662598, "passed": true}, "2": {"execution_time": 0.06183290481567383, "passed": true}, "3": {"execution_time": 0.1077125072479248, "passed": true}, "4": {"execution_time": 0.06383180618286133, "passed": true}, "5": {"execution_time": 0.09474825859069824, "passed": true}, "6": {"execution_time": 0.10671591758728027, "passed": true}, "7": {"execution_time": 0.07379841804504395, "passed": true}, "8": {"execution_time": 0.08975648880004883, "passed": true}, "9": {"execution_time": 0.08828377723693848, "passed": true}, "10": {"execution_time": 0.07631301879882812, "passed": true}, "11": {"execution_time": 0.07133173942565918, "passed": true}, "12": {"execution_time": 0.06781888008117676, "passed": true}, "13": {"execution_time": 0.08377599716186523, "passed": true}, "14": {"execution_time": 0.0628349781036377, "passed": true}, "15": {"execution_time": 0.07380104064941406, "passed": false}, "16": {"execution_time": 0.09275221824645996, "passed": true}, "17": {"execution_time": 0.07081031799316406, "passed": true}, "18": {"execution_time": 0.08776092529296875, "passed": true}, "19": {"execution_time": 0.08529257774353027, "passed": false}, "20": {"execution_time": 0.07380294799804688, "passed": true}, "21": {"execution_time": 0.07878971099853516, "passed": false}, "22": {"execution_time": 0.08883833885192871, "passed": false}, "23": {"execution_time": 0.06853747367858887, "passed": false}, "24": {"execution_time": 0.07281279563903809, "passed": false}}}, "pylint_score": "-5/10"}