{"version": "1", "message": "ERROR: Hidden Testcases server unreachable.", "problem_id": "cspp1_m10_a1_1", "user_id": "Sweety310897", "score": {"sample": {"0": {"execution_time": 0.07531452178955078, "passed": true}, "1": {"execution_time": 0.07280254364013672, "passed": true}, "2": {"execution_time": 0.10344147682189941, "passed": true}, "3": {"execution_time": 0.07778263092041016, "passed": true}, "4": {"execution_time": 0.09873676300048828, "passed": true}, "5": {"execution_time": 0.0718069076538086, "passed": true}, "6": {"execution_time": 0.06183600425720215, "passed": true}, "7": {"execution_time": 0.10522866249084473, "passed": true}, "8": {"execution_time": 0.09180593490600586, "passed": true}, "9": {"execution_time": 0.07235264778137207, "passed": true}, "10": {"execution_time": 0.0747687816619873, "passed": true}, "11": {"execution_time": 0.08377528190612793, "passed": true}, "12": {"execution_time": 0.09533858299255371, "passed": true}, "13": {"execution_time": 0.0722663402557373, "passed": true}, "14": {"execution_time": 0.08278656005859375, "passed": true}, "15": {"execution_time": 0.09325742721557617, "passed": false}, "16": {"execution_time": 0.08676791191101074, "passed": true}, "17": {"execution_time": 0.09175252914428711, "passed": true}, "18": {"execution_time": 0.0578455924987793, "passed": true}, "19": {"execution_time": 0.08508801460266113, "passed": false}, "20": {"execution_time": 0.09275007247924805, "passed": true}, "21": {"execution_time": 0.07879900932312012, "passed": false}, "22": {"execution_time": 0.06682276725769043, "passed": false}, "23": {"execution_time": 0.07678556442260742, "passed": false}, "24": {"execution_time": 0.0668179988861084, "passed": false}}}, "pylint_score": "-5/10"}