{"version": "1", "message": "ERROR: Hidden Testcases server unreachable.", "problem_id": "cspp1_m10_a1_1", "user_id": "Sweety310897", "score": {"sample": {"0": {"execution_time": 0.07579874992370605, "passed": true}, "1": {"execution_time": 0.0638272762298584, "passed": true}, "2": {"execution_time": 0.11768698692321777, "passed": true}, "3": {"execution_time": 0.0857701301574707, "passed": true}, "4": {"execution_time": 0.07479739189147949, "passed": true}, "5": {"execution_time": 0.06834006309509277, "passed": true}, "6": {"execution_time": 0.06582379341125488, "passed": true}, "7": {"execution_time": 0.07332015037536621, "passed": true}, "8": {"execution_time": 0.06581926345825195, "passed": true}, "9": {"execution_time": 0.09228277206420898, "passed": true}, "10": {"execution_time": 0.09075617790222168, "passed": true}, "11": {"execution_time": 0.07879233360290527, "passed": true}, "12": {"execution_time": 0.06698489189147949, "passed": true}, "13": {"execution_time": 0.07779097557067871, "passed": true}, "14": {"execution_time": 0.0857694149017334, "passed": true}, "15": {"execution_time": 0.06950759887695312, "passed": false}, "16": {"execution_time": 0.06980586051940918, "passed": true}, "17": {"execution_time": 0.09773802757263184, "passed": true}, "18": {"execution_time": 0.0738060474395752, "passed": true}, "19": {"execution_time": 0.06482362747192383, "passed": false}, "20": {"execution_time": 0.07132244110107422, "passed": true}, "21": {"execution_time": 0.07336139678955078, "passed": false}, "22": {"execution_time": 0.06980776786804199, "passed": false}, "23": {"execution_time": 0.11370038986206055, "passed": false}, "24": {"execution_time": 0.0763089656829834, "passed": false}}}, "pylint_score": "-5/10"}