{"version": "1", "message": "ERROR: Hidden Testcases server unreachable.", "problem_id": "cspp1_m10_a1_1", "user_id": "Sweety310897", "score": {"sample": {"0": {"execution_time": 0.0877537727355957, "passed": true}, "1": {"execution_time": 0.071807861328125, "passed": true}, "2": {"execution_time": 0.06682181358337402, "passed": true}, "3": {"execution_time": 0.06881594657897949, "passed": true}, "4": {"execution_time": 0.09926009178161621, "passed": true}, "5": {"execution_time": 0.09425663948059082, "passed": true}, "6": {"execution_time": 0.10123634338378906, "passed": true}, "7": {"execution_time": 0.08628511428833008, "passed": true}, "8": {"execution_time": 0.06980347633361816, "passed": true}, "9": {"execution_time": 0.07679367065429688, "passed": true}, "10": {"execution_time": 0.07132744789123535, "passed": true}, "11": {"execution_time": 0.07380080223083496, "passed": true}, "12": {"execution_time": 0.07779121398925781, "passed": true}, "13": {"execution_time": 0.10225272178649902, "passed": true}, "14": {"execution_time": 0.07280564308166504, "passed": true}, "15": {"execution_time": 0.0747992992401123, "passed": false}, "16": {"execution_time": 0.06483221054077148, "passed": true}, "17": {"execution_time": 0.08676624298095703, "passed": true}, "18": {"execution_time": 0.0713202953338623, "passed": true}, "19": {"execution_time": 0.10323476791381836, "passed": false}, "20": {"execution_time": 0.08627963066101074, "passed": true}, "21": {"execution_time": 0.06482744216918945, "passed": false}, "22": {"execution_time": 0.06981754302978516, "passed": false}, "23": {"execution_time": 0.06193113327026367, "passed": false}, "24": {"execution_time": 0.07878923416137695, "passed": false}}}, "pylint_score": "-5/10"}