{"version": "1", "message": "ERROR: Hidden Testcases server unreachable.", "problem_id": "cspp1_m10_a1_1", "user_id": "Sweety310897", "score": {"sample": {"0": {"execution_time": 0.09425854682922363, "passed": true}, "1": {"execution_time": 0.0578460693359375, "passed": true}, "2": {"execution_time": 0.07238435745239258, "passed": true}, "3": {"execution_time": 0.07480025291442871, "passed": true}, "4": {"execution_time": 0.07081031799316406, "passed": true}, "5": {"execution_time": 0.07779073715209961, "passed": true}, "6": {"execution_time": 0.11170053482055664, "passed": true}, "7": {"execution_time": 0.08975911140441895, "passed": true}, "8": {"execution_time": 0.08031249046325684, "passed": true}, "9": {"execution_time": 0.0688161849975586, "passed": true}, "10": {"execution_time": 0.08029389381408691, "passed": true}, "11": {"execution_time": 0.06981205940246582, "passed": true}, "12": {"execution_time": 0.08477044105529785, "passed": true}, "13": {"execution_time": 0.10172867774963379, "passed": true}, "14": {"execution_time": 0.07679438591003418, "passed": true}, "15": {"execution_time": 0.06820154190063477, "passed": false}, "16": {"execution_time": 0.06881546974182129, "passed": true}, "17": {"execution_time": 0.06881427764892578, "passed": true}, "18": {"execution_time": 0.09326529502868652, "passed": true}, "19": {"execution_time": 0.07579874992370605, "passed": false}, "20": {"execution_time": 0.08325314521789551, "passed": true}, "21": {"execution_time": 0.07280468940734863, "passed": false}, "22": {"execution_time": 0.08477115631103516, "passed": false}, "23": {"execution_time": 0.060835838317871094, "passed": false}, "24": {"execution_time": 0.08377718925476074, "passed": false}}}, "pylint_score": "-5/10"}