{"version": "1", "message": "ERROR: Hidden Testcases server unreachable.", "problem_id": "cspp1_m10_a1_1", "user_id": "Sweety310897", "score": {"sample": {"0": {"execution_time": 0.08676314353942871, "passed": true}, "1": {"execution_time": 0.10449075698852539, "passed": true}, "2": {"execution_time": 0.07431197166442871, "passed": true}, "3": {"execution_time": 0.09075927734375, "passed": true}, "4": {"execution_time": 0.07331395149230957, "passed": true}, "5": {"execution_time": 0.07730340957641602, "passed": true}, "6": {"execution_time": 0.08528447151184082, "passed": true}, "7": {"execution_time": 0.10970640182495117, "passed": true}, "8": {"execution_time": 0.08335041999816895, "passed": true}, "9": {"execution_time": 0.06810235977172852, "passed": true}, "10": {"execution_time": 0.0708158016204834, "passed": true}, "11": {"execution_time": 0.07280516624450684, "passed": true}, "12": {"execution_time": 0.08976078033447266, "passed": true}, "13": {"execution_time": 0.08078575134277344, "passed": true}, "14": {"execution_time": 0.09477829933166504, "passed": true}, "15": {"execution_time": 0.08476638793945312, "passed": false}, "16": {"execution_time": 0.08277750015258789, "passed": true}, "17": {"execution_time": 0.06834101676940918, "passed": true}, "18": {"execution_time": 0.07231998443603516, "passed": true}, "19": {"execution_time": 0.07978653907775879, "passed": false}, "20": {"execution_time": 0.06083536148071289, "passed": true}, "21": {"execution_time": 0.07380270957946777, "passed": false}, "22": {"execution_time": 0.07280826568603516, "passed": false}, "23": {"execution_time": 0.061834096908569336, "passed": false}, "24": {"execution_time": 0.0688166618347168, "passed": false}}}, "pylint_score": "-5/10"}