{"version": "1", "message": "ERROR: Hidden Testcases server unreachable.", "problem_id": "cspp1_m10_a1_1", "user_id": "Sweety310897", "score": {"sample": {"0": {"execution_time": 0.08390522003173828, "passed": true}, "1": {"execution_time": 0.06661033630371094, "passed": true}, "2": {"execution_time": 0.0743401050567627, "passed": true}, "3": {"execution_time": 0.07779121398925781, "passed": true}, "4": {"execution_time": 0.08629083633422852, "passed": true}, "5": {"execution_time": 0.07530951499938965, "passed": true}, "6": {"execution_time": 0.0902712345123291, "passed": true}, "7": {"execution_time": 0.0783231258392334, "passed": true}, "8": {"execution_time": 0.06881475448608398, "passed": true}, "9": {"execution_time": 0.10471963882446289, "passed": true}, "10": {"execution_time": 0.08060884475708008, "passed": true}, "11": {"execution_time": 0.06585574150085449, "passed": true}, "12": {"execution_time": 0.07878899574279785, "passed": true}, "13": {"execution_time": 0.08919024467468262, "passed": true}, "14": {"execution_time": 0.07479977607727051, "passed": true}, "15": {"execution_time": 0.07779502868652344, "passed": false}, "16": {"execution_time": 0.06084609031677246, "passed": true}, "17": {"execution_time": 0.09075689315795898, "passed": true}, "18": {"execution_time": 0.06582307815551758, "passed": true}, "19": {"execution_time": 0.08229541778564453, "passed": false}, "20": {"execution_time": 0.059351444244384766, "passed": true}, "21": {"execution_time": 0.09075689315795898, "passed": false}, "22": {"execution_time": 0.08927321434020996, "passed": false}, "23": {"execution_time": 0.08377385139465332, "passed": false}, "24": {"execution_time": 0.06083798408508301, "passed": false}}}, "pylint_score": "-5/10"}