{"version": "1", "message": "ERROR: Hidden Testcases server unreachable.", "problem_id": "final_exam_a1_1", "user_id": "Sweety310897", "score": {"sample": {"0": {"execution_time": 0.060002803802490234, "passed": true}, "1": {"execution_time": 0.04003024101257324, "passed": true}, "2": {"execution_time": 0.04997444152832031, "passed": true}, "3": {"execution_time": 0.03999519348144531, "passed": true}, "4": {"execution_time": 0.04999804496765137, "passed": true}, "5": {"execution_time": 0.04003286361694336, "passed": true}, "6": {"execution_time": 0.049965620040893555, "passed": true}, "7": {"execution_time": 0.04000139236450195, "passed": true}, "8": {"execution_time": 0.05000114440917969, "passed": false}, "9": {"execution_time": 0.05001235008239746, "passed": false}, "10": {"execution_time": 0.06998467445373535, "passed": false}, "11": {"execution_time": 0.06000041961669922, "passed": true}, "12": {"execution_time": 0.03999900817871094, "passed": true}, "13": {"execution_time": 0.05000019073486328, "passed": true}}}, "pylint_score": "-1/10"}