{"version": "1", "message": "ERROR: Hidden Testcases server unreachable.", "problem_id": "final_exam_a1_1", "user_id": "Sweety310897", "score": {"sample": {"0": {"execution_time": 0.062331438064575195, "passed": false}, "1": {"execution_time": 0.056529998779296875, "passed": false}, "2": {"execution_time": 0.04758024215698242, "passed": false}, "3": {"execution_time": 0.050356149673461914, "passed": false}, "4": {"execution_time": 0.06209158897399902, "passed": false}, "5": {"execution_time": 0.05754828453063965, "passed": false}, "6": {"execution_time": 0.05993938446044922, "passed": false}, "7": {"execution_time": 0.0586085319519043, "passed": false}, "8": {"execution_time": 0.04896998405456543, "passed": false}, "9": {"execution_time": 0.04638218879699707, "passed": false}, "10": {"execution_time": 0.044095516204833984, "passed": false}, "11": {"execution_time": 0.05748319625854492, "passed": false}, "12": {"execution_time": 0.051470279693603516, "passed": false}, "13": {"execution_time": 0.04506230354309082, "passed": false}}}, "pylint_score": "-2/10"}