{"version": "1", "message": "ERROR: Hidden Testcases server unreachable.", "problem_id": "final_exam_a1_1", "user_id": "Sweety310897", "score": {"sample": {"0": {"execution_time": 0.06136894226074219, "passed": false}, "1": {"execution_time": 0.043482065200805664, "passed": false}, "2": {"execution_time": 0.040125131607055664, "passed": false}, "3": {"execution_time": 0.04275703430175781, "passed": false}, "4": {"execution_time": 0.04362773895263672, "passed": false}, "5": {"execution_time": 0.06019306182861328, "passed": false}, "6": {"execution_time": 0.048859596252441406, "passed": false}, "7": {"execution_time": 0.052597999572753906, "passed": false}, "8": {"execution_time": 0.04318547248840332, "passed": false}, "9": {"execution_time": 0.050597429275512695, "passed": false}, "10": {"execution_time": 0.041875362396240234, "passed": false}, "11": {"execution_time": 0.040471792221069336, "passed": false}, "12": {"execution_time": 0.040796518325805664, "passed": false}, "13": {"execution_time": 0.04092860221862793, "passed": false}}}, "pylint_score": "-2/10"}