{"version": "1", "message": "ERROR: Hidden Testcases server unreachable.", "problem_id": "final_exam_a1_1", "user_id": "Sweety310897", "score": {"sample": {"0": {"execution_time": 0.042917728424072266, "passed": true}, "1": {"execution_time": 0.041467905044555664, "passed": true}, "2": {"execution_time": 0.04109621047973633, "passed": true}, "3": {"execution_time": 0.041342973709106445, "passed": false}, "4": {"execution_time": 0.04010367393493652, "passed": false}, "5": {"execution_time": 0.04093122482299805, "passed": false}, "6": {"execution_time": 0.04233074188232422, "passed": false}, "7": {"execution_time": 0.04293036460876465, "passed": false}, "8": {"execution_time": 0.04746508598327637, "passed": false}, "9": {"execution_time": 0.04123520851135254, "passed": false}, "10": {"execution_time": 0.04151177406311035, "passed": false}, "11": {"execution_time": 0.042720794677734375, "passed": false}, "12": {"execution_time": 0.04199576377868652, "passed": false}, "13": {"execution_time": 0.04196429252624512, "passed": false}}}, "pylint_score": "-4/10"}