{"version": "1", "message": "ERROR: Hidden Testcases server unreachable.", "problem_id": "final_exam_a1_1", "user_id": "Sweety310897", "score": {"sample": {"0": {"execution_time": 0.051160573959350586, "passed": true}, "1": {"execution_time": 0.04436635971069336, "passed": true}, "2": {"execution_time": 0.05971169471740723, "passed": true}, "3": {"execution_time": 0.05461263656616211, "passed": true}, "4": {"execution_time": 0.050115346908569336, "passed": true}, "5": {"execution_time": 0.04783296585083008, "passed": true}, "6": {"execution_time": 0.04240274429321289, "passed": true}, "7": {"execution_time": 0.042040348052978516, "passed": true}, "8": {"execution_time": 0.049714088439941406, "passed": false}, "9": {"execution_time": 0.05565690994262695, "passed": false}, "10": {"execution_time": 0.04607439041137695, "passed": false}, "11": {"execution_time": 0.05330538749694824, "passed": true}, "12": {"execution_time": 0.04307866096496582, "passed": true}, "13": {"execution_time": 0.04294466972351074, "passed": true}}}, "pylint_score": "-2/10"}