{"version": "1", "message": "ERROR: Hidden Testcases server unreachable.", "problem_id": "final_exam_a1_1", "user_id": "Sweety310897", "score": {"sample": {"0": {"execution_time": 0.05701780319213867, "passed": true}, "1": {"execution_time": 0.05049920082092285, "passed": true}, "2": {"execution_time": 0.04442310333251953, "passed": true}, "3": {"execution_time": 0.041126251220703125, "passed": true}, "4": {"execution_time": 0.04018759727478027, "passed": true}, "5": {"execution_time": 0.04073977470397949, "passed": true}, "6": {"execution_time": 0.04059147834777832, "passed": false}, "7": {"execution_time": 0.043487548828125, "passed": false}, "8": {"execution_time": 0.04777336120605469, "passed": false}, "9": {"execution_time": 0.07242584228515625, "passed": false}, "10": {"execution_time": 0.05373644828796387, "passed": false}, "11": {"execution_time": 0.05349421501159668, "passed": false}, "12": {"execution_time": 0.053493499755859375, "passed": false}, "13": {"execution_time": 0.054764747619628906, "passed": false}}}, "pylint_score": "-2/10"}