{"version": "1", "message": "ERROR: Hidden Testcases server unreachable.", "problem_id": "final_exam_a1_1", "user_id": "Sweety310897", "score": {"sample": {"0": {"execution_time": 0.05764198303222656, "passed": false}, "1": {"execution_time": 0.054250478744506836, "passed": false}, "2": {"execution_time": 0.04785418510437012, "passed": false}, "3": {"execution_time": 0.04815363883972168, "passed": true}, "4": {"execution_time": 0.04318094253540039, "passed": true}, "5": {"execution_time": 0.041327476501464844, "passed": true}, "6": {"execution_time": 0.04150104522705078, "passed": false}, "7": {"execution_time": 0.04171609878540039, "passed": false}, "8": {"execution_time": 0.041487932205200195, "passed": false}, "9": {"execution_time": 0.04328656196594238, "passed": false}, "10": {"execution_time": 0.04442715644836426, "passed": false}, "11": {"execution_time": 0.042181968688964844, "passed": false}, "12": {"execution_time": 0.04394865036010742, "passed": false}, "13": {"execution_time": 0.046953678131103516, "passed": false}}}, "pylint_score": "-2/10"}