{"version": "1", "message": "ERROR: Hidden Testcases server unreachable.", "problem_id": "final_exam_a1_1", "user_id": "Sweety310897", "score": {"sample": {"0": {"execution_time": 0.09390783309936523, "passed": true}, "1": {"execution_time": 0.04668593406677246, "passed": true}, "2": {"execution_time": 0.046861886978149414, "passed": true}, "3": {"execution_time": 0.046863555908203125, "passed": true}, "4": {"execution_time": 0.046863555908203125, "passed": true}, "5": {"execution_time": 0.04686474800109863, "passed": true}, "6": {"execution_time": 0.04686474800109863, "passed": false}, "7": {"execution_time": 0.062485694885253906, "passed": false}, "8": {"execution_time": 0.04686307907104492, "passed": false}, "9": {"execution_time": 0.046866416931152344, "passed": false}, "10": {"execution_time": 0.04686474800109863, "passed": false}, "11": {"execution_time": 0.046863555908203125, "passed": false}, "12": {"execution_time": 0.0624847412109375, "passed": false}, "13": {"execution_time": 0.04686474800109863, "passed": false}}}, "pylint_score": "0/0"}