{"version": "1", "message": "ERROR: Hidden Testcases server unreachable.", "problem_id": "final_exam_a1_1", "user_id": "Sweety310897", "score": {"sample": {"0": {"execution_time": 0.14314794540405273, "passed": true}, "1": {"execution_time": 0.09142231941223145, "passed": true}, "2": {"execution_time": 0.0427091121673584, "passed": true}, "3": {"execution_time": 0.051378488540649414, "passed": true}, "4": {"execution_time": 0.041913509368896484, "passed": true}, "5": {"execution_time": 0.0413210391998291, "passed": true}, "6": {"execution_time": 0.04079556465148926, "passed": false}, "7": {"execution_time": 0.04556989669799805, "passed": false}, "8": {"execution_time": 0.043953895568847656, "passed": false}, "9": {"execution_time": 0.04485130310058594, "passed": false}, "10": {"execution_time": 0.043744802474975586, "passed": false}, "11": {"execution_time": 0.08367681503295898, "passed": false}, "12": {"execution_time": 0.053319692611694336, "passed": false}, "13": {"execution_time": 0.0717933177947998, "passed": false}}}, "pylint_score": "-2/10"}