{"version": "1", "message": "ERROR: Hidden Testcases server unreachable.", "problem_id": "final_exam_a1_1", "user_id": "Sweety310897", "score": {"sample": {"0": {"execution_time": 0.07412457466125488, "passed": false}, "1": {"execution_time": 0.043172597885131836, "passed": false}, "2": {"execution_time": 0.05381274223327637, "passed": false}, "3": {"execution_time": 0.04334831237792969, "passed": false}, "4": {"execution_time": 0.04990220069885254, "passed": false}, "5": {"execution_time": 0.05411076545715332, "passed": false}, "6": {"execution_time": 0.04526543617248535, "passed": false}, "7": {"execution_time": 0.044879913330078125, "passed": false}, "8": {"execution_time": 0.04578232765197754, "passed": false}, "9": {"execution_time": 0.045140981674194336, "passed": false}, "10": {"execution_time": 0.04274702072143555, "passed": false}, "11": {"execution_time": 0.045076847076416016, "passed": false}, "12": {"execution_time": 0.04393291473388672, "passed": false}, "13": {"execution_time": 0.048330068588256836, "passed": false}}}, "pylint_score": "-3/10"}