{"version": "1", "message": "ERROR: Hidden Testcases server unreachable.", "problem_id": "final_exam_a1_1", "user_id": "Sweety310897", "score": {"sample": {"0": {"execution_time": 0.04000115394592285, "passed": true}, "1": {"execution_time": 0.04001355171203613, "passed": true}, "2": {"execution_time": 0.04998636245727539, "passed": true}, "3": {"execution_time": 0.030255794525146484, "passed": true}, "4": {"execution_time": 0.04690217971801758, "passed": true}, "5": {"execution_time": 0.062447547912597656, "passed": true}, "6": {"execution_time": 0.04686403274536133, "passed": true}, "7": {"execution_time": 0.04686474800109863, "passed": true}, "8": {"execution_time": 0.0624852180480957, "passed": false}, "9": {"execution_time": 0.0624845027923584, "passed": false}, "10": {"execution_time": 0.0624849796295166, "passed": false}, "11": {"execution_time": 0.04686379432678223, "passed": false}, "12": {"execution_time": 0.031244277954101562, "passed": false}, "13": {"execution_time": 0.04686236381530762, "passed": false}}}, "pylint_score": "-1/10"}