{"version": "1", "message": "ERROR: Hidden Testcases server unreachable.", "problem_id": "final_exam_a1_1", "user_id": "Sweety310897", "score": {"sample": {"0": {"execution_time": 0.14036774635314941, "passed": true}, "1": {"execution_time": 0.08317065238952637, "passed": true}, "2": {"execution_time": 0.053839921951293945, "passed": true}, "3": {"execution_time": 0.05305194854736328, "passed": false}, "4": {"execution_time": 0.04780459403991699, "passed": false}, "5": {"execution_time": 0.04166388511657715, "passed": false}, "6": {"execution_time": 0.046941518783569336, "passed": false}, "7": {"execution_time": 0.0477297306060791, "passed": false}, "8": {"execution_time": 0.0494992733001709, "passed": false}, "9": {"execution_time": 0.08884549140930176, "passed": false}, "10": {"execution_time": 0.06514191627502441, "passed": false}, "11": {"execution_time": 0.06128525733947754, "passed": false}, "12": {"execution_time": 0.04900002479553223, "passed": false}, "13": {"execution_time": 0.043729305267333984, "passed": false}}}, "pylint_score": "-3/10"}