{"version": "1", "message": "ERROR: Hidden Testcases server unreachable.", "problem_id": "final_exam_a1_1", "user_id": "Sweety310897", "score": {"sample": {"0": {"execution_time": 0.06712555885314941, "passed": true}, "1": {"execution_time": 0.0495755672454834, "passed": true}, "2": {"execution_time": 0.053968191146850586, "passed": true}, "3": {"execution_time": 0.05565953254699707, "passed": true}, "4": {"execution_time": 0.04374504089355469, "passed": true}, "5": {"execution_time": 0.04497408866882324, "passed": true}, "6": {"execution_time": 0.04421663284301758, "passed": true}, "7": {"execution_time": 0.042450666427612305, "passed": true}, "8": {"execution_time": 0.048079490661621094, "passed": false}, "9": {"execution_time": 0.04765820503234863, "passed": false}, "10": {"execution_time": 0.06252837181091309, "passed": false}, "11": {"execution_time": 0.052706241607666016, "passed": false}, "12": {"execution_time": 0.049286603927612305, "passed": false}, "13": {"execution_time": 0.08844494819641113, "passed": false}}}, "pylint_score": "-2/10"}