{"version": "1", "message": "ERROR: Hidden Testcases server unreachable.", "problem_id": "final_exam_a1_1", "user_id": "Sweety310897", "score": {"sample": {"0": {"execution_time": 0.04999399185180664, "passed": true}, "1": {"execution_time": 0.03839993476867676, "passed": true}, "2": {"execution_time": 0.05000138282775879, "passed": true}, "3": {"execution_time": 0.040036678314208984, "passed": true}, "4": {"execution_time": 0.04996347427368164, "passed": true}, "5": {"execution_time": 0.03999900817871094, "passed": true}, "6": {"execution_time": 0.04001784324645996, "passed": true}, "7": {"execution_time": 0.04001355171203613, "passed": true}, "8": {"execution_time": 0.04998159408569336, "passed": false}, "9": {"execution_time": 0.039995670318603516, "passed": false}, "10": {"execution_time": 0.0399935245513916, "passed": false}, "11": {"execution_time": 0.04003143310546875, "passed": true}, "12": {"execution_time": 0.049965620040893555, "passed": true}, "13": {"execution_time": 0.04000067710876465, "passed": true}}}, "pylint_score": "-1/10"}