{"version": "1", "message": "ERROR: Hidden Testcases server unreachable.", "problem_id": "final_exam_a1_1", "user_id": "Sweety310897", "score": {"sample": {"0": {"execution_time": 0.05094027519226074, "passed": true}, "1": {"execution_time": 0.04683184623718262, "passed": true}, "2": {"execution_time": 0.046900272369384766, "passed": true}, "3": {"execution_time": 0.06247878074645996, "passed": true}, "4": {"execution_time": 0.06245255470275879, "passed": true}, "5": {"execution_time": 0.062484025955200195, "passed": true}, "6": {"execution_time": 0.04686594009399414, "passed": false}, "7": {"execution_time": 0.0624842643737793, "passed": false}, "8": {"execution_time": 0.04686379432678223, "passed": false}, "9": {"execution_time": 0.07810616493225098, "passed": false}, "10": {"execution_time": 0.062485694885253906, "passed": false}, "11": {"execution_time": 0.046863555908203125, "passed": false}, "12": {"execution_time": 0.06248593330383301, "passed": false}, "13": {"execution_time": 0.031244516372680664, "passed": false}}}, "pylint_score": "-2/10"}