{"version": "1", "message": "ERROR: Hidden Testcases server unreachable.", "problem_id": "final_exam_a1_1", "user_id": "Sweety310897", "score": {"sample": {"0": {"execution_time": 0.046900033950805664, "passed": true}, "1": {"execution_time": 0.04686594009399414, "passed": true}, "2": {"execution_time": 0.03125, "passed": true}, "3": {"execution_time": 0.04681801795959473, "passed": true}, "4": {"execution_time": 0.04686594009399414, "passed": true}, "5": {"execution_time": 0.04686117172241211, "passed": true}, "6": {"execution_time": 0.046901702880859375, "passed": false}, "7": {"execution_time": 0.031205177307128906, "passed": false}, "8": {"execution_time": 0.052953243255615234, "passed": false}, "9": {"execution_time": 0.04686284065246582, "passed": false}, "10": {"execution_time": 0.046863555908203125, "passed": false}, "11": {"execution_time": 0.062485456466674805, "passed": false}, "12": {"execution_time": 0.046863555908203125, "passed": false}, "13": {"execution_time": 0.04686379432678223, "passed": false}}}, "pylint_score": "-1/10"}