{"version": "1", "message": "ERROR: Hidden Testcases server unreachable.", "problem_id": "final_exam_a1_1", "user_id": "Sweety310897", "score": {"sample": {"0": {"execution_time": 0.054604291915893555, "passed": true}, "1": {"execution_time": 0.0531618595123291, "passed": true}, "2": {"execution_time": 0.049425601959228516, "passed": true}, "3": {"execution_time": 0.04334592819213867, "passed": false}, "4": {"execution_time": 0.05211138725280762, "passed": false}, "5": {"execution_time": 0.04473423957824707, "passed": false}, "6": {"execution_time": 0.04476118087768555, "passed": false}, "7": {"execution_time": 0.051978111267089844, "passed": false}, "8": {"execution_time": 0.052448272705078125, "passed": false}, "9": {"execution_time": 0.04354238510131836, "passed": false}, "10": {"execution_time": 0.04567909240722656, "passed": false}, "11": {"execution_time": 0.05114316940307617, "passed": false}, "12": {"execution_time": 0.0472109317779541, "passed": false}, "13": {"execution_time": 0.0516657829284668, "passed": false}}}, "pylint_score": "-2/10"}