{"version": "1", "message": "ERROR: Hidden Testcases server unreachable.", "problem_id": "final_exam_a1_1", "user_id": "Sweety310897", "score": {"sample": {"0": {"execution_time": 0.05998945236206055, "passed": true}, "1": {"execution_time": 0.04499244689941406, "passed": true}, "2": {"execution_time": 0.04499220848083496, "passed": true}, "3": {"execution_time": 0.059987545013427734, "passed": true}, "4": {"execution_time": 0.05999016761779785, "passed": true}, "5": {"execution_time": 0.04499173164367676, "passed": true}, "6": {"execution_time": 0.05998802185058594, "passed": true}, "7": {"execution_time": 0.04499197006225586, "passed": true}, "8": {"execution_time": 0.044992685317993164, "passed": false}, "9": {"execution_time": 0.04499220848083496, "passed": false}, "10": {"execution_time": 0.05998992919921875, "passed": false}, "11": {"execution_time": 0.04499101638793945, "passed": false}, "12": {"execution_time": 0.05649971961975098, "passed": false}, "13": {"execution_time": 0.04499173164367676, "passed": false}}}, "pylint_score": "-1/10"}