{"version": "1", "message": "ERROR: Hidden Testcases server unreachable.", "problem_id": "final_exam_a1_1", "user_id": "Sweety310897", "score": {"sample": {"0": {"execution_time": 0.0840611457824707, "passed": false}, "1": {"execution_time": 0.046959877014160156, "passed": false}, "2": {"execution_time": 0.04510927200317383, "passed": false}, "3": {"execution_time": 0.041474103927612305, "passed": false}, "4": {"execution_time": 0.04088735580444336, "passed": false}, "5": {"execution_time": 0.04103446006774902, "passed": false}, "6": {"execution_time": 0.040917396545410156, "passed": false}, "7": {"execution_time": 0.041274309158325195, "passed": false}, "8": {"execution_time": 0.08377933502197266, "passed": false}, "9": {"execution_time": 0.09691071510314941, "passed": false}, "10": {"execution_time": 0.04238438606262207, "passed": false}, "11": {"execution_time": 0.041025400161743164, "passed": false}, "12": {"execution_time": 0.05015873908996582, "passed": false}, "13": {"execution_time": 0.0625009536743164, "passed": false}}}, "pylint_score": "-2/10"}