{"version": "1", "message": "ERROR: Hidden Testcases server unreachable.", "problem_id": "final_exam_a1_1", "user_id": "Sweety310897", "score": {"sample": {"0": {"execution_time": 0.10902810096740723, "passed": true}, "1": {"execution_time": 0.08551788330078125, "passed": true}, "2": {"execution_time": 0.06731629371643066, "passed": true}, "3": {"execution_time": 0.06595110893249512, "passed": false}, "4": {"execution_time": 0.050225257873535156, "passed": false}, "5": {"execution_time": 0.04433417320251465, "passed": false}, "6": {"execution_time": 0.04005551338195801, "passed": false}, "7": {"execution_time": 0.04042339324951172, "passed": false}, "8": {"execution_time": 0.040953636169433594, "passed": false}, "9": {"execution_time": 0.041031837463378906, "passed": false}, "10": {"execution_time": 0.04187297821044922, "passed": false}, "11": {"execution_time": 0.043712615966796875, "passed": false}, "12": {"execution_time": 0.07283616065979004, "passed": false}, "13": {"execution_time": 0.050696372985839844, "passed": false}}}, "pylint_score": "-4/10"}