{"version": "1", "message": "ERROR: Hidden Testcases server unreachable.", "problem_id": "final_exam_a1_1", "user_id": "Sweety310897", "score": {"sample": {"0": {"execution_time": 0.05605626106262207, "passed": false}, "1": {"execution_time": 0.04079890251159668, "passed": false}, "2": {"execution_time": 0.043302059173583984, "passed": false}, "3": {"execution_time": 0.04513382911682129, "passed": false}, "4": {"execution_time": 0.08452463150024414, "passed": false}, "5": {"execution_time": 0.09322333335876465, "passed": false}, "6": {"execution_time": 0.10319042205810547, "passed": false}, "7": {"execution_time": 0.12446904182434082, "passed": false}, "8": {"execution_time": 0.1122288703918457, "passed": false}, "9": {"execution_time": 0.06880640983581543, "passed": false}, "10": {"execution_time": 0.045554161071777344, "passed": false}, "11": {"execution_time": 0.0427548885345459, "passed": false}, "12": {"execution_time": 0.05501389503479004, "passed": false}, "13": {"execution_time": 0.041626691818237305, "passed": false}}}, "pylint_score": "0/0"}